NO_OF_PEDESTRIANS,TIME (hh),DAY,RED_LIGHT_CAMERA,COLLISION_ID,LOCATION,LONGITUDE,LATITUDE,Year,MONTH,Date,ENVIRONMENT,LIGHT,SURFACE_CONDITION,TRAFFIC_CONTROL,COLLISION_CLASSIFICATION,IMPACT_TYPE
0,Afternoon,0,0,13-138,ST. JOSEPH BLVD @ JEANNE D'ARC BLVD,-75.54007171,45.46417822,2013,Jan,4,01 - Clear,01 - Daylight,05 - Packed snow,03 - Yield sign,03 - P.D. only,03 - Rear end
0,Afternoon,1,0,13-170,ST. JOSEPH BLVD @ JEANNE D'ARC BLVD,-75.54016469,45.46412069,2013,Jan,5,01 - Clear,01 - Daylight,02 - Wet,03 - Yield sign,03 - P.D. only,02 - Angle
0,Afternoon,0,0,13-313,ST. JOSEPH BLVD @ JEANNE D'ARC BLVD,-75.54014095,45.46416422,2013,Jan,8,01 - Clear,01 - Daylight,01 - Dry,03 - Yield sign,03 - P.D. only,03 - Rear end
0,Morning,1,0,13-1187,ST. JOSEPH BLVD @ JEANNE D'ARC BLVD,-75.54003771,45.46414878,2013,Jan,26,01 - Clear,03 - Dawn,01 - Dry,03 - Yield sign,03 - P.D. only,02 - Angle
0,Afternoon,1,0,13-1235,ST. JOSEPH BLVD @ JEANNE D'ARC BLVD,-75.54004896,45.46416345,2013,Jan,27,01 - Clear,01 - Daylight,01 - Dry,03 - Yield sign,03 - P.D. only,02 - Angle
0,Morning,0,0,13-1615,ST. JOSEPH BLVD @ JEANNE D'ARC BLVD,-75.54011845,45.46413488,2013,Feb,5,01 - Clear,01 - Daylight,01 - Dry,03 - Yield sign,03 - P.D. only,02 - Angle
0,Evening,0,0,13-1659,ST. JOSEPH BLVD @ JEANNE D'ARC BLVD,-75.54019906,45.46412827,2013,Feb,5,01 - Clear,07 - Dark,01 - Dry,03 - Yield sign,03 - P.D. only,02 - Angle
0,Afternoon,0,0,13-1715,ST. JOSEPH BLVD @ JEANNE D'ARC BLVD,-75.54011783,45.46417132,2013,Feb,6,01 - Clear,01 - Daylight,01 - Dry,03 - Yield sign,03 - P.D. only,04 - Sideswipe
0,Evening,0,0,13-2672,ST. JOSEPH BLVD @ JEANNE D'ARC BLVD,-75.54017495,45.46419366,2013,Feb,28,01 - Clear,07 - Dark,02 - Wet,03 - Yield sign,03 - P.D. only,03 - Rear end
0,Night,0,0,13-2724,ST. JOSEPH BLVD @ JEANNE D'ARC BLVD,-75.54016407,45.46415713,2013,Mar,1,01 - Clear,07 - Dark,02 - Wet,03 - Yield sign,03 - P.D. only,07 - SMV other
0,Afternoon,1,0,13-2771,ST. JOSEPH BLVD @ JEANNE D'ARC BLVD,-75.54012895,45.46419328,2013,Mar,3,02 - Rain,01 - Daylight,02 - Wet,03 - Yield sign,02 - Non-fatal injury,03 - Rear end
0,Morning,0,0,13-3108,ST. JOSEPH BLVD @ JEANNE D'ARC BLVD,-75.54017557,45.46415723,2013,Mar,14,01 - Clear,01 - Daylight,01 - Dry,03 - Yield sign,03 - P.D. only,04 - Sideswipe
0,Afternoon,0,0,13-3614,ST. JOSEPH BLVD @ JEANNE D'ARC BLVD,-75.54009508,45.46415655,2013,Mar,27,01 - Clear,01 - Daylight,01 - Dry,03 - Yield sign,03 - P.D. only,02 - Angle
0,Evening,0,0,13-3657,ST. JOSEPH BLVD @ JEANNE D'ARC BLVD,-75.54015183,45.46420076,2013,Mar,28,01 - Clear,01 - Daylight,01 - Dry,03 - Yield sign,03 - P.D. only,02 - Angle
0,Evening,0,0,13-3779,ST. JOSEPH BLVD @ JEANNE D'ARC BLVD,-75.54016394,45.46416442,2013,Apr,2,01 - Clear,01 - Daylight,01 - Dry,03 - Yield sign,03 - P.D. only,04 - Sideswipe
0,Morning,0,0,13-3860,ST. JOSEPH BLVD @ JEANNE D'ARC BLVD,-75.54010682,45.46414207,2013,Apr,5,01 - Clear,01 - Daylight,01 - Dry,03 - Yield sign,03 - P.D. only,02 - Angle
0,Afternoon,0,0,13-4009,ST. JOSEPH BLVD @ JEANNE D'ARC BLVD,-75.54019881,45.46414284,2013,Apr,11,01 - Clear,01 - Daylight,01 - Dry,03 - Yield sign,03 - P.D. only,02 - Angle
0,Afternoon,0,0,13-4044,ST. JOSEPH BLVD @ JEANNE D'ARC BLVD,-75.54001484,45.4641413,2013,Apr,12,03 - Snow,01 - Daylight,03 - Loose snow,03 - Yield sign,03 - P.D. only,02 - Angle
0,Morning,0,0,13-4381,ST. JOSEPH BLVD @ JEANNE D'ARC BLVD,-75.54009446,45.46419299,2013,Apr,25,01 - Clear,01 - Daylight,01 - Dry,03 - Yield sign,02 - Non-fatal injury,03 - Rear end
0,Evening,0,0,13-4590,ST. JOSEPH BLVD @ JEANNE D'ARC BLVD,-75.54021043,45.46413565,2013,May,2,01 - Clear,01 - Daylight,01 - Dry,03 - Yield sign,03 - P.D. only,04 - Sideswipe
0,Morning,0,0,13-4956,ST. JOSEPH BLVD @ JEANNE D'ARC BLVD,-75.54018657,45.46418647,2013,May,14,01 - Clear,01 - Daylight,01 - Dry,03 - Yield sign,03 - P.D. only,04 - Sideswipe
0,Afternoon,0,0,13-5042,ST. JOSEPH BLVD @ JEANNE D'ARC BLVD,-75.54011758,45.46418589,2013,May,16,01 - Clear,01 - Daylight,01 - Dry,03 - Yield sign,03 - P.D. only,04 - Sideswipe
0,Morning,0,0,13-5247,ST. JOSEPH BLVD @ JEANNE D'ARC BLVD,-75.54006083,45.46414169,2013,May,23,01 - Clear,01 - Daylight,01 - Dry,03 - Yield sign,03 - P.D. only,04 - Sideswipe
0,Evening,0,0,13-5498,ST. JOSEPH BLVD @ JEANNE D'ARC BLVD,-75.54017581,45.46414265,2013,May,30,01 - Clear,01 - Daylight,01 - Dry,03 - Yield sign,03 - P.D. only,02 - Angle
0,Evening,0,0,13-5504,ST. JOSEPH BLVD @ JEANNE D'ARC BLVD,-75.54012895,45.46419328,2013,May,30,01 - Clear,01 - Daylight,01 - Dry,03 - Yield sign,03 - P.D. only,02 - Angle
0,Evening,0,0,13-5663,ST. JOSEPH BLVD @ JEANNE D'ARC BLVD,-75.54009545,45.46413469,2013,Jun,4,01 - Clear,01 - Daylight,01 - Dry,03 - Yield sign,03 - P.D. only,02 - Angle
0,Morning,0,0,13-5687,ST. JOSEPH BLVD @ JEANNE D'ARC BLVD,-75.54016407,45.46415713,2013,Jun,5,01 - Clear,01 - Daylight,01 - Dry,03 - Yield sign,02 - Non-fatal injury,02 - Angle
0,Afternoon,0,0,13-5875,ST. JOSEPH BLVD @ JEANNE D'ARC BLVD,-75.54008358,45.46415645,2013,Jun,10,01 - Clear,01 - Daylight,01 - Dry,03 - Yield sign,03 - P.D. only,04 - Sideswipe
0,Afternoon,0,0,13-6287,ST. JOSEPH BLVD @ JEANNE D'ARC BLVD,-75.5401862,45.46420833,2013,Jun,21,01 - Clear,01 - Daylight,01 - Dry,03 - Yield sign,02 - Non-fatal injury,02 - Angle
0,Morning,0,0,13-6360,ST. JOSEPH BLVD @ JEANNE D'ARC BLVD,-75.54012932,45.46417141,2013,Jun,24,01 - Clear,01 - Daylight,01 - Dry,03 - Yield sign,02 - Non-fatal injury,02 - Angle
0,Evening,0,0,13-6710,ST. JOSEPH BLVD @ JEANNE D'ARC BLVD,-75.54012908,45.46418599,2013,Jul,4,01 - Clear,01 - Daylight,01 - Dry,03 - Yield sign,02 - Non-fatal injury,03 - Rear end
0,Afternoon,1,0,13-7242,ST. JOSEPH BLVD @ JEANNE D'ARC BLVD,-75.54015245,45.46416432,2013,Jul,20,01 - Clear,01 - Daylight,01 - Dry,03 - Yield sign,03 - P.D. only,03 - Rear end
0,Afternoon,1,0,13-7244,ST. JOSEPH BLVD @ JEANNE D'ARC BLVD,-75.54016431,45.46414256,2013,Jul,20,01 - Clear,01 - Daylight,01 - Dry,03 - Yield sign,03 - P.D. only,02 - Angle
0,Morning,0,0,13-7370,ST. JOSEPH BLVD @ JEANNE D'ARC BLVD,-75.54010534,45.46422952,2013,Jul,25,01 - Clear,01 - Daylight,01 - Dry,03 - Yield sign,03 - P.D. only,02 - Angle
0,Afternoon,0,0,13-7433,ST. JOSEPH BLVD @ JEANNE D'ARC BLVD,-75.5401292,45.4641787,2013,Jul,26,01 - Clear,01 - Daylight,01 - Dry,03 - Yield sign,03 - P.D. only,02 - Angle
0,Morning,0,0,13-7661,ST. JOSEPH BLVD @ JEANNE D'ARC BLVD,-75.54016382,45.4641717,2013,Aug,2,01 - Clear,01 - Daylight,01 - Dry,03 - Yield sign,03 - P.D. only,02 - Angle
0,Evening,0,0,13-7685,ST. JOSEPH BLVD @ JEANNE D'ARC BLVD,-75.54016345,45.46419357,2013,Aug,2,01 - Clear,01 - Daylight,01 - Dry,03 - Yield sign,03 - P.D. only,04 - Sideswipe
0,Afternoon,1,0,13-7907,ST. JOSEPH BLVD @ JEANNE D'ARC BLVD,-75.54017495,45.46419366,2013,Aug,11,01 - Clear,01 - Daylight,01 - Dry,03 - Yield sign,03 - P.D. only,04 - Sideswipe
0,Afternoon,1,0,13-7912,ST. JOSEPH BLVD @ JEANNE D'ARC BLVD,-75.54012994,45.46413498,2013,Aug,11,01 - Clear,01 - Daylight,01 - Dry,03 - Yield sign,03 - P.D. only,04 - Sideswipe
0,Evening,0,0,13-7958,ST. JOSEPH BLVD @ JEANNE D'ARC BLVD,-75.5400952,45.46414926,2013,Aug,12,01 - Clear,01 - Daylight,01 - Dry,03 - Yield sign,03 - P.D. only,04 - Sideswipe
0,Evening,0,0,13-8041,ST. JOSEPH BLVD @ JEANNE D'ARC BLVD,-75.54007146,45.46419279,2013,Aug,14,01 - Clear,01 - Daylight,01 - Dry,03 - Yield sign,03 - P.D. only,02 - Angle
0,Evening,0,0,13-8083,ST. JOSEPH BLVD @ JEANNE D'ARC BLVD,-75.54017544,45.46416451,2013,Aug,15,01 - Clear,01 - Daylight,01 - Dry,03 - Yield sign,03 - P.D. only,04 - Sideswipe
0,Evening,0,0,13-8218,ST. JOSEPH BLVD @ JEANNE D'ARC BLVD,-75.54017544,45.46416451,2013,Aug,20,01 - Clear,07 - Dark,01 - Dry,03 - Yield sign,03 - P.D. only,02 - Angle
0,Evening,0,0,13-8454,ST. JOSEPH BLVD @ JEANNE D'ARC BLVD,-75.54013007,45.46412769,2013,Aug,27,01 - Clear,01 - Daylight,01 - Dry,03 - Yield sign,03 - P.D. only,04 - Sideswipe
0,Afternoon,0,0,13-8527,ST. JOSEPH BLVD @ JEANNE D'ARC BLVD,-75.54015245,45.46416432,2013,Aug,30,01 - Clear,01 - Daylight,01 - Dry,03 - Yield sign,03 - P.D. only,02 - Angle
0,Afternoon,0,0,13-8723,ST. JOSEPH BLVD @ JEANNE D'ARC BLVD,-75.54008321,45.46417832,2013,Sep,5,01 - Clear,01 - Daylight,01 - Dry,03 - Yield sign,03 - P.D. only,02 - Angle
0,Morning,0,0,13-8762,ST. JOSEPH BLVD @ JEANNE D'ARC BLVD,-75.54018719,45.46415004,2013,Sep,6,01 - Clear,01 - Daylight,01 - Dry,03 - Yield sign,02 - Non-fatal injury,02 - Angle
0,Afternoon,1,0,13-8792,ST. JOSEPH BLVD @ JEANNE D'ARC BLVD,-75.54008222,45.46423661,2013,Sep,7,01 - Clear,01 - Daylight,01 - Dry,03 - Yield sign,03 - P.D. only,02 - Angle
0,Morning,0,0,13-8916,ST. JOSEPH BLVD @ JEANNE D'ARC BLVD,-75.5401412,45.46414965,2013,Sep,11,01 - Clear,01 - Daylight,01 - Dry,03 - Yield sign,03 - P.D. only,02 - Angle
0,Afternoon,0,0,13-9020,ST. JOSEPH BLVD @ JEANNE D'ARC BLVD,-75.54016456,45.46412798,2013,Sep,13,01 - Clear,01 - Daylight,01 - Dry,03 - Yield sign,03 - P.D. only,04 - Sideswipe
0,Evening,0,0,13-9364,ST. JOSEPH BLVD @ JEANNE D'ARC BLVD,-75.54016431,45.46414256,2013,Sep,23,01 - Clear,01 - Daylight,01 - Dry,03 - Yield sign,03 - P.D. only,02 - Angle
0,Evening,0,0,13-9980,ST. JOSEPH BLVD @ JEANNE D'ARC BLVD,-75.54007146,45.46419279,2013,Oct,9,01 - Clear,07 - Dark,01 - Dry,03 - Yield sign,03 - P.D. only,04 - Sideswipe
0,Evening,0,0,13-10227,ST. JOSEPH BLVD @ JEANNE D'ARC BLVD,-75.54015207,45.46418618,2013,Oct,17,01 - Clear,07 - Dark,01 - Dry,03 - Yield sign,03 - P.D. only,04 - Sideswipe
0,Evening,1,0,13-10892,ST. JOSEPH BLVD @ JEANNE D'ARC BLVD,-75.54003796,45.46413421,2013,Nov,3,01 - Clear,05 - Dusk,01 - Dry,03 - Yield sign,03 - P.D. only,03 - Rear end
0,Morning,0,0,13-10936,ST. JOSEPH BLVD @ JEANNE D'ARC BLVD,-75.54015282,45.46414246,2013,Nov,5,01 - Clear,01 - Daylight,01 - Dry,03 - Yield sign,03 - P.D. only,03 - Rear end
0,Afternoon,0,0,13-11239,ST. JOSEPH BLVD @ JEANNE D'ARC BLVD,-75.54014132,45.46414236,2013,Nov,13,01 - Clear,01 - Daylight,01 - Dry,03 - Yield sign,03 - P.D. only,04 - Sideswipe
0,Afternoon,1,0,13-11716,ST. JOSEPH BLVD @ JEANNE D'ARC BLVD,-75.54015282,45.46414246,2013,Nov,24,01 - Clear,01 - Daylight,01 - Dry,03 - Yield sign,03 - P.D. only,04 - Sideswipe
0,Afternoon,1,0,13-11801,ST. JOSEPH BLVD @ JEANNE D'ARC BLVD,-75.54014107,45.46415694,2013,Nov,23,01 - Clear,01 - Daylight,01 - Dry,03 - Yield sign,03 - P.D. only,02 - Angle
0,Morning,0,0,13-12139,ST. JOSEPH BLVD @ JEANNE D'ARC BLVD,-75.54015513,45.46414175,2013,Dec,3,01 - Clear,01 - Daylight,02 - Wet,03 - Yield sign,03 - P.D. only,04 - Sideswipe
0,Evening,0,0,13-12199,ST. JOSEPH BLVD @ JEANNE D'ARC BLVD,-75.54010633,45.46417122,2013,Nov,28,01 - Clear,07 - Dark,01 - Dry,03 - Yield sign,03 - P.D. only,04 - Sideswipe
0,Evening,0,0,13-12412,ST. JOSEPH BLVD @ JEANNE D'ARC BLVD,-75.54016431,45.46414256,2013,Dec,9,01 - Clear,07 - Dark,04 - Slush,03 - Yield sign,03 - P.D. only,03 - Rear end
0,Afternoon,0,0,13-12949,ST. JOSEPH BLVD @ JEANNE D'ARC BLVD,-75.54016419,45.46414984,2013,Dec,19,01 - Clear,01 - Daylight,02 - Wet,03 - Yield sign,03 - P.D. only,02 - Angle
0,Afternoon,1,0,13-13607,ST. JOSEPH BLVD @ JEANNE D'ARC BLVD,-75.54007233,45.46414178,2013,Nov,30,01 - Clear,01 - Daylight,01 - Dry,03 - Yield sign,03 - P.D. only,04 - Sideswipe
0,Morning,0,0,14-421,ST. JOSEPH BLVD @ JEANNE D'ARC BLVD,-75.54013478,45.4641455,2014,Jan,9,01 - Clear,01 - Daylight,01 - Dry,11 - Roundabout,03 - P.D. only,04 - Sideswipe
0,Afternoon,0,0,14-1798,ST. JOSEPH BLVD @ JEANNE D'ARC BLVD,-75.54013518,45.46414719,2014,Feb,7,01 - Clear,01 - Daylight,01 - Dry,11 - Roundabout,03 - P.D. only,04 - Sideswipe
0,Morning,0,0,14-2244,ST. JOSEPH BLVD @ JEANNE D'ARC BLVD,-75.54012306,45.46414709,2014,Feb,17,01 - Clear,01 - Daylight,01 - Dry,11 - Roundabout,03 - P.D. only,04 - Sideswipe
0,Morning,0,0,14-2353,ST. JOSEPH BLVD @ JEANNE D'ARC BLVD,-75.54013547,45.46413014,2014,Feb,19,01 - Clear,01 - Daylight,02 - Wet,11 - Roundabout,03 - P.D. only,02 - Angle
0,Afternoon,0,0,14-2889,ST. JOSEPH BLVD @ JEANNE D'ARC BLVD,-75.54014759,45.46413024,2014,Mar,5,01 - Clear,01 - Daylight,01 - Dry,11 - Roundabout,03 - P.D. only,02 - Angle
0,Morning,0,0,14-3394,ST. JOSEPH BLVD @ JEANNE D'ARC BLVD,-75.54014744,45.46413877,2014,Mar,21,01 - Clear,01 - Daylight,02 - Wet,11 - Roundabout,03 - P.D. only,04 - Sideswipe
0,Evening,0,0,14-3788,ST. JOSEPH BLVD @ JEANNE D'ARC BLVD,-75.54011094,45.46414699,2014,Apr,1,01 - Clear,01 - Daylight,01 - Dry,11 - Roundabout,02 - Non-fatal injury,02 - Angle
0,Afternoon,0,0,14-4057,ST. JOSEPH BLVD @ JEANNE D'ARC BLVD,-75.54014773,45.46412171,2014,Apr,10,01 - Clear,01 - Daylight,01 - Dry,11 - Roundabout,03 - P.D. only,02 - Angle
0,Morning,0,0,14-4227,ST. JOSEPH BLVD @ JEANNE D'ARC BLVD,-75.54013561,45.46412161,2014,Apr,16,01 - Clear,01 - Daylight,01 - Dry,11 - Roundabout,03 - P.D. only,04 - Sideswipe
0,Afternoon,0,0,14-4234,ST. JOSEPH BLVD @ JEANNE D'ARC BLVD,-75.54013561,45.46412161,2014,Apr,16,01 - Clear,01 - Daylight,01 - Dry,11 - Roundabout,03 - P.D. only,02 - Angle
0,Morning,1,0,14-4302,ST. JOSEPH BLVD @ JEANNE D'ARC BLVD,-75.54014759,45.46413024,2014,Apr,19,01 - Clear,01 - Daylight,01 - Dry,11 - Roundabout,03 - P.D. only,04 - Sideswipe
0,Morning,0,0,14-4320,ST. JOSEPH BLVD @ JEANNE D'ARC BLVD,-75.54015956,45.46413887,2014,Mar,31,01 - Clear,01 - Daylight,02 - Wet,11 - Roundabout,03 - P.D. only,04 - Sideswipe
0,Evening,0,0,14-4833,ST. JOSEPH BLVD @ JEANNE D'ARC BLVD,-75.54013547,45.46413014,2014,May,8,01 - Clear,01 - Daylight,01 - Dry,11 - Roundabout,03 - P.D. only,02 - Angle
0,Morning,1,0,14-4896,ST. JOSEPH BLVD @ JEANNE D'ARC BLVD,-75.54013547,45.46413014,2014,May,10,01 - Clear,01 - Daylight,01 - Dry,11 - Roundabout,03 - P.D. only,04 - Sideswipe
0,Afternoon,0,0,14-4962,ST. JOSEPH BLVD @ JEANNE D'ARC BLVD,-75.54015348,45.46415183,2014,May,12,01 - Clear,01 - Daylight,01 - Dry,11 - Roundabout,03 - P.D. only,04 - Sideswipe
0,Morning,0,0,14-5217,ST. JOSEPH BLVD @ JEANNE D'ARC BLVD,-75.54012349,45.46412151,2014,May,21,01 - Clear,01 - Daylight,01 - Dry,11 - Roundabout,03 - P.D. only,04 - Sideswipe
0,Morning,0,0,14-5291,ST. JOSEPH BLVD @ JEANNE D'ARC BLVD,-75.54012364,45.46411298,2014,May,16,01 - Clear,01 - Daylight,01 - Dry,11 - Roundabout,03 - P.D. only,03 - Rear end
0,Afternoon,1,0,14-5363,ST. JOSEPH BLVD @ JEANNE D'ARC BLVD,-75.54013547,45.46413014,2014,May,24,01 - Clear,01 - Daylight,01 - Dry,11 - Roundabout,03 - P.D. only,02 - Angle
0,Afternoon,0,0,14-5755,ST. JOSEPH BLVD @ JEANNE D'ARC BLVD,-75.54013532,45.46413866,2014,Jun,4,01 - Clear,01 - Daylight,01 - Dry,11 - Roundabout,03 - P.D. only,02 - Angle
0,Morning,0,0,14-5880,ST. JOSEPH BLVD @ JEANNE D'ARC BLVD,-75.54013561,45.46412161,2014,Jun,9,01 - Clear,01 - Daylight,01 - Dry,11 - Roundabout,03 - P.D. only,02 - Angle
0,Morning,0,0,14-5929,ST. JOSEPH BLVD @ JEANNE D'ARC BLVD,-75.54014773,45.46412171,2014,Jun,10,01 - Clear,01 - Daylight,01 - Dry,11 - Roundabout,03 - P.D. only,04 - Sideswipe
0,Afternoon,0,0,14-5938,ST. JOSEPH BLVD @ JEANNE D'ARC BLVD,-75.54011123,45.46412993,2014,Jun,10,01 - Clear,01 - Daylight,01 - Dry,11 - Roundabout,03 - P.D. only,04 - Sideswipe
0,Evening,0,0,14-6048,ST. JOSEPH BLVD @ JEANNE D'ARC BLVD,-75.54013576,45.46411308,2014,Jun,12,01 - Clear,01 - Daylight,01 - Dry,11 - Roundabout,03 - P.D. only,02 - Angle
0,Morning,0,0,14-6054,ST. JOSEPH BLVD @ JEANNE D'ARC BLVD,-75.54013547,45.46413014,2014,Jun,13,02 - Rain,01 - Daylight,02 - Wet,11 - Roundabout,03 - P.D. only,02 - Angle
0,Morning,0,0,14-6538,ST. JOSEPH BLVD @ JEANNE D'ARC BLVD,-75.54014773,45.46412171,2014,Jun,27,01 - Clear,01 - Daylight,01 - Dry,11 - Roundabout,03 - P.D. only,02 - Angle
0,Afternoon,0,0,14-6725,ST. JOSEPH BLVD @ JEANNE D'ARC BLVD,-75.54014744,45.46413877,2014,Jul,3,01 - Clear,01 - Daylight,01 - Dry,11 - Roundabout,03 - P.D. only,04 - Sideswipe
0,Afternoon,1,0,14-7004,ST. JOSEPH BLVD @ JEANNE D'ARC BLVD,-75.54014744,45.46413877,2014,Jul,12,01 - Clear,01 - Daylight,01 - Dry,11 - Roundabout,03 - P.D. only,04 - Sideswipe
0,Evening,0,0,14-7076,ST. JOSEPH BLVD @ JEANNE D'ARC BLVD,-75.54013532,45.46413866,2014,Jul,9,01 - Clear,01 - Daylight,01 - Dry,11 - Roundabout,03 - P.D. only,02 - Angle
0,Evening,0,0,14-7149,ST. JOSEPH BLVD @ JEANNE D'ARC BLVD,-75.54014759,45.46413024,2014,Jul,16,01 - Clear,01 - Daylight,01 - Dry,11 - Roundabout,03 - P.D. only,02 - Angle
0,Morning,0,0,14-7161,ST. JOSEPH BLVD @ JEANNE D'ARC BLVD,-75.5401232,45.46413856,2014,Jul,17,01 - Clear,01 - Daylight,01 - Dry,11 - Roundabout,03 - P.D. only,02 - Angle
0,Afternoon,0,0,14-7170,ST. JOSEPH BLVD @ JEANNE D'ARC BLVD,-75.54012306,45.46414709,2014,Jul,17,01 - Clear,01 - Daylight,01 - Dry,11 - Roundabout,03 - P.D. only,04 - Sideswipe
0,Morning,0,0,14-7371,ST. JOSEPH BLVD @ JEANNE D'ARC BLVD,-75.54012349,45.46412151,2014,Jul,24,01 - Clear,01 - Daylight,01 - Dry,11 - Roundabout,03 - P.D. only,04 - Sideswipe
0,Afternoon,0,0,14-7386,ST. JOSEPH BLVD @ JEANNE D'ARC BLVD,-75.5401232,45.46413856,2014,Jul,24,01 - Clear,01 - Daylight,01 - Dry,11 - Roundabout,03 - P.D. only,04 - Sideswipe
0,Afternoon,0,0,14-7522,ST. JOSEPH BLVD @ JEANNE D'ARC BLVD,-75.54014744,45.46413877,2014,Jul,29,01 - Clear,01 - Daylight,01 - Dry,11 - Roundabout,03 - P.D. only,03 - Rear end
0,Afternoon,0,0,14-7601,ST. JOSEPH BLVD @ JEANNE D'ARC BLVD,-75.54015942,45.4641474,2014,Jul,31,01 - Clear,01 - Daylight,01 - Dry,11 - Roundabout,03 - P.D. only,02 - Angle
0,Evening,0,0,14-7830,ST. JOSEPH BLVD @ JEANNE D'ARC BLVD,-75.54013532,45.46413866,2014,Aug,7,01 - Clear,07 - Dark,01 - Dry,11 - Roundabout,03 - P.D. only,04 - Sideswipe
0,Evening,0,0,14-8411,ST. JOSEPH BLVD @ JEANNE D'ARC BLVD,-75.5401416,45.46412571,2014,Aug,25,01 - Clear,01 - Daylight,01 - Dry,11 - Roundabout,03 - P.D. only,04 - Sideswipe
0,Morning,1,0,14-8780,ST. JOSEPH BLVD @ JEANNE D'ARC BLVD,-75.54014759,45.46413024,2014,Sep,6,02 - Rain,01 - Daylight,02 - Wet,11 - Roundabout,03 - P.D. only,04 - Sideswipe
0,Afternoon,0,0,14-8905,ST. JOSEPH BLVD @ JEANNE D'ARC BLVD,-75.54017139,45.46415603,2014,Sep,9,01 - Clear,01 - Daylight,01 - Dry,11 - Roundabout,03 - P.D. only,04 - Sideswipe
0,Morning,0,0,14-9071,ST. JOSEPH BLVD @ JEANNE D'ARC BLVD,-75.54013532,45.46413866,2014,Sep,15,01 - Clear,01 - Daylight,01 - Dry,11 - Roundabout,03 - P.D. only,02 - Angle
0,Afternoon,0,0,14-9145,ST. JOSEPH BLVD @ JEANNE D'ARC BLVD,-75.54012202,45.46414868,2014,Sep,16,01 - Clear,01 - Daylight,01 - Dry,11 - Roundabout,03 - P.D. only,04 - Sideswipe
0,Afternoon,0,0,14-9409,ST. JOSEPH BLVD @ JEANNE D'ARC BLVD,-75.54014773,45.46412171,2014,Sep,24,01 - Clear,01 - Daylight,01 - Dry,11 - Roundabout,03 - P.D. only,04 - Sideswipe
0,Evening,0,0,14-9612,ST. JOSEPH BLVD @ JEANNE D'ARC BLVD,-75.54014102,45.46416009,2014,Sep,30,01 - Clear,01 - Daylight,01 - Dry,11 - Roundabout,03 - P.D. only,02 - Angle
0,Afternoon,0,0,14-9721,ST. JOSEPH BLVD @ JEANNE D'ARC BLVD,-75.54013503,45.46415572,2014,Oct,3,01 - Clear,01 - Daylight,01 - Dry,11 - Roundabout,03 - P.D. only,02 - Angle
0,Afternoon,0,0,14-9840,ST. JOSEPH BLVD @ JEANNE D'ARC BLVD,-75.54015985,45.46412181,2014,Oct,6,01 - Clear,01 - Daylight,01 - Dry,11 - Roundabout,03 - P.D. only,02 - Angle
0,Afternoon,0,0,14-10113,ST. JOSEPH BLVD @ JEANNE D'ARC BLVD,-75.54014715,45.46415582,2014,Oct,14,01 - Clear,01 - Daylight,01 - Dry,11 - Roundabout,03 - P.D. only,04 - Sideswipe
0,Morning,0,0,14-10127,ST. JOSEPH BLVD @ JEANNE D'ARC BLVD,-75.54016589,45.4641261,2014,Oct,15,01 - Clear,01 - Daylight,01 - Dry,11 - Roundabout,03 - P.D. only,02 - Angle
0,Morning,0,0,14-10240,ST. JOSEPH BLVD @ JEANNE D'ARC BLVD,-75.54013503,45.46415572,2014,Oct,17,01 - Clear,01 - Daylight,01 - Dry,11 - Roundabout,03 - P.D. only,02 - Angle
0,Afternoon,1,0,14-10317,ST. JOSEPH BLVD @ JEANNE D'ARC BLVD,-75.54015331,45.46415164,2014,Oct,19,01 - Clear,01 - Daylight,01 - Dry,11 - Roundabout,03 - P.D. only,04 - Sideswipe
0,Afternoon,1,0,14-10570,ST. JOSEPH BLVD @ JEANNE D'ARC BLVD,-75.5401536,45.46413454,2014,Oct,26,01 - Clear,01 - Daylight,01 - Dry,11 - Roundabout,03 - P.D. only,02 - Angle
0,Afternoon,1,0,14-10788,ST. JOSEPH BLVD @ JEANNE D'ARC BLVD,-75.54013547,45.46413014,2014,Nov,1,01 - Clear,01 - Daylight,01 - Dry,11 - Roundabout,03 - P.D. only,04 - Sideswipe
0,Afternoon,1,0,14-10804,ST. JOSEPH BLVD @ JEANNE D'ARC BLVD,-75.54014744,45.46413877,2014,Nov,2,01 - Clear,01 - Daylight,01 - Dry,11 - Roundabout,03 - P.D. only,04 - Sideswipe
0,Morning,0,0,14-10916,ST. JOSEPH BLVD @ JEANNE D'ARC BLVD,-75.54014744,45.46413877,2014,Nov,5,01 - Clear,01 - Daylight,01 - Dry,11 - Roundabout,03 - P.D. only,02 - Angle
0,Afternoon,1,0,14-11108,ST. JOSEPH BLVD @ JEANNE D'ARC BLVD,-75.54014744,45.46413877,2014,Nov,9,01 - Clear,01 - Daylight,01 - Dry,11 - Roundabout,03 - P.D. only,02 - Angle
0,Morning,0,0,14-11164,ST. JOSEPH BLVD @ JEANNE D'ARC BLVD,-75.540123,45.46414818,2014,Nov,11,01 - Clear,01 - Daylight,01 - Dry,11 - Roundabout,03 - P.D. only,04 - Sideswipe
0,Morning,0,0,14-11397,ST. JOSEPH BLVD @ JEANNE D'ARC BLVD,-75.54013576,45.46411308,2014,Nov,17,03 - Snow,03 - Dawn,02 - Wet,11 - Roundabout,03 - P.D. only,03 - Rear end
0,Morning,0,0,14-11532,ST. JOSEPH BLVD @ JEANNE D'ARC BLVD,-75.54017182,45.46413044,2014,Nov,20,01 - Clear,01 - Daylight,02 - Wet,11 - Roundabout,03 - P.D. only,04 - Sideswipe