NO_OF_PEDESTRIANS,TIME (hh),DAY,RED_LIGHT_CAMERA,COLLISION_ID,LOCATION,LONGITUDE,LATITUDE,Year,MONTH,Date,ENVIRONMENT,LIGHT,SURFACE_CONDITION,TRAFFIC_CONTROL,COLLISION_CLASSIFICATION,IMPACT_TYPE
0,Morning,0,0,17-841,ST. JOSEPH BLVD @ JEANNE D'ARC BLVD,-75.54013661,45.46415594,2017,Jan,25,01 - Clear,01 - Daylight,02 - Wet,11 - Roundabout,03 - P.D. only,02 - Angle
0,Afternoon,0,0,17-1264,ST. JOSEPH BLVD @ JEANNE D'ARC BLVD,-75.54014146,45.4641338,2017,Feb,6,01 - Clear,01 - Daylight,02 - Wet,11 - Roundabout,03 - P.D. only,04 - Sideswipe
0,Evening,0,0,17-1419,ST. JOSEPH BLVD @ JEANNE D'ARC BLVD,-75.54014121,45.46414884,2017,Feb,9,01 - Clear,07 - Dark,01 - Dry,11 - Roundabout,03 - P.D. only,02 - Angle
0,Morning,1,0,17-2125,ST. JOSEPH BLVD @ JEANNE D'ARC BLVD,-75.54012855,45.46413861,2017,Feb,25,02 - Rain,01 - Daylight,02 - Wet,11 - Roundabout,03 - P.D. only,02 - Angle
0,Afternoon,0,0,17-2276,ST. JOSEPH BLVD @ JEANNE D'ARC BLVD,-75.5401369,45.46415072,2017,Mar,2,01 - Clear,01 - Daylight,01 - Dry,11 - Roundabout,03 - P.D. only,04 - Sideswipe
0,Morning,0,0,17-2485,ST. JOSEPH BLVD @ JEANNE D'ARC BLVD,-75.5401371,45.46413868,2017,Mar,8,01 - Clear,01 - Daylight,01 - Dry,11 - Roundabout,03 - P.D. only,02 - Angle
0,Evening,1,0,17-3128,ST. JOSEPH BLVD @ JEANNE D'ARC BLVD,-75.54015441,45.46412679,2017,Mar,25,01 - Clear,01 - Daylight,01 - Dry,11 - Roundabout,03 - P.D. only,04 - Sideswipe
0,Evening,1,0,17-3147,ST. JOSEPH BLVD @ JEANNE D'ARC BLVD,-75.54012855,45.46413861,2017,Mar,26,02 - Rain,05 - Dusk,02 - Wet,11 - Roundabout,03 - P.D. only,04 - Sideswipe
0,Evening,0,0,17-3613,ST. JOSEPH BLVD @ JEANNE D'ARC BLVD,-75.54013731,45.46412664,2017,Apr,12,01 - Clear,01 - Daylight,01 - Dry,11 - Roundabout,03 - P.D. only,03 - Rear end
0,Night,1,0,17-3713,ST. JOSEPH BLVD @ JEANNE D'ARC BLVD,-75.54015441,45.46412679,2017,Apr,16,02 - Rain,07 - Dark,02 - Wet,11 - Roundabout,03 - P.D. only,04 - Sideswipe
0,Morning,0,0,17-3964,ST. JOSEPH BLVD @ JEANNE D'ARC BLVD,-75.54015421,45.46413882,2017,Apr,26,01 - Clear,01 - Daylight,01 - Dry,11 - Roundabout,03 - P.D. only,02 - Angle
0,Evening,0,0,17-4227,ST. JOSEPH BLVD @ JEANNE D'ARC BLVD,-75.5401201,45.46413252,2017,May,4,02 - Rain,07 - Dark,02 - Wet,11 - Roundabout,03 - P.D. only,03 - Rear end
0,Morning,1,0,17-4282,ST. JOSEPH BLVD @ JEANNE D'ARC BLVD,-75.54012835,45.46415064,2017,May,6,01 - Clear,01 - Daylight,01 - Dry,11 - Roundabout,03 - P.D. only,04 - Sideswipe
0,Afternoon,0,0,17-4567,ST. JOSEPH BLVD @ JEANNE D'ARC BLVD,-75.54012835,45.46415064,2017,May,17,01 - Clear,01 - Daylight,01 - Dry,11 - Roundabout,03 - P.D. only,02 - Angle
0,Morning,1,0,17-4674,ST. JOSEPH BLVD @ JEANNE D'ARC BLVD,-75.54012866,45.46413259,2017,May,20,01 - Clear,01 - Daylight,01 - Dry,11 - Roundabout,03 - P.D. only,04 - Sideswipe
0,Afternoon,0,0,17-4968,ST. JOSEPH BLVD @ JEANNE D'ARC BLVD,-75.540137,45.4641447,2017,May,26,01 - Clear,01 - Daylight,01 - Dry,11 - Roundabout,03 - P.D. only,07 - SMV other
0,Afternoon,0,0,17-5102,ST. JOSEPH BLVD @ JEANNE D'ARC BLVD,-75.54013721,45.46413266,2017,Jun,2,01 - Clear,01 - Daylight,01 - Dry,11 - Roundabout,03 - P.D. only,03 - Rear end
0,Morning,0,0,17-5316,ST. JOSEPH BLVD @ JEANNE D'ARC BLVD,-75.54014566,45.46413875,2017,Jun,9,01 - Clear,01 - Daylight,01 - Dry,11 - Roundabout,03 - P.D. only,02 - Angle
0,Morning,1,0,17-5370,ST. JOSEPH BLVD @ JEANNE D'ARC BLVD,-75.54012855,45.46413861,2017,Jun,11,01 - Clear,01 - Daylight,01 - Dry,11 - Roundabout,03 - P.D. only,02 - Angle
0,Afternoon,0,0,17-5473,ST. JOSEPH BLVD @ JEANNE D'ARC BLVD,-75.54014576,45.46413273,2017,Jun,14,01 - Clear,01 - Daylight,01 - Dry,11 - Roundabout,02 - Non-fatal injury,04 - Sideswipe
0,Morning,0,0,17-5744,ST. JOSEPH BLVD @ JEANNE D'ARC BLVD,-75.5401539,45.46415688,2017,Jun,23,02 - Rain,01 - Daylight,02 - Wet,11 - Roundabout,03 - P.D. only,03 - Rear end
0,Afternoon,1,0,17-5785,ST. JOSEPH BLVD @ JEANNE D'ARC BLVD,-75.54012,45.46413854,2017,Jun,24,01 - Clear,01 - Daylight,01 - Dry,11 - Roundabout,03 - P.D. only,04 - Sideswipe
0,Evening,0,0,17-6006,ST. JOSEPH BLVD @ JEANNE D'ARC BLVD,-75.54014586,45.46412671,2017,Jun,30,01 - Clear,01 - Daylight,02 - Wet,11 - Roundabout,03 - P.D. only,03 - Rear end
0,Afternoon,0,0,17-6119,ST. JOSEPH BLVD @ JEANNE D'ARC BLVD,-75.54013471,45.46414783,2017,Jul,5,01 - Clear,01 - Daylight,01 - Dry,11 - Roundabout,03 - P.D. only,02 - Angle
0,Night,0,0,17-6307,ST. JOSEPH BLVD @ JEANNE D'ARC BLVD,-75.54014566,45.46413875,2017,Jul,11,01 - Clear,07 - Dark,01 - Dry,11 - Roundabout,03 - P.D. only,02 - Angle
0,Morning,1,0,17-6392,ST. JOSEPH BLVD @ JEANNE D'ARC BLVD,-75.54014143,45.46413585,2017,Jul,15,01 - Clear,01 - Daylight,01 - Dry,11 - Roundabout,02 - Non-fatal injury,02 - Angle
0,Morning,0,0,17-7042,ST. JOSEPH BLVD @ JEANNE D'ARC BLVD,-75.54014148,45.46413295,2017,Aug,9,01 - Clear,01 - Daylight,01 - Dry,11 - Roundabout,03 - P.D. only,04 - Sideswipe
0,Morning,0,0,17-7060,ST. JOSEPH BLVD @ JEANNE D'ARC BLVD,-75.54013283,45.46414064,2017,Aug,10,01 - Clear,01 - Daylight,01 - Dry,11 - Roundabout,03 - P.D. only,04 - Sideswipe
0,Morning,1,0,17-7571,ST. JOSEPH BLVD @ JEANNE D'ARC BLVD,-75.54012729,45.4641326,2017,Aug,26,01 - Clear,01 - Daylight,01 - Dry,11 - Roundabout,03 - P.D. only,04 - Sideswipe
0,Afternoon,0,0,17-7615,ST. JOSEPH BLVD @ JEANNE D'ARC BLVD,-75.54014142,45.46413659,2017,Aug,28,01 - Clear,01 - Daylight,01 - Dry,11 - Roundabout,03 - P.D. only,02 - Angle
0,Evening,0,0,17-7708,ST. JOSEPH BLVD @ JEANNE D'ARC BLVD,-75.5401474,45.4641409,2017,Aug,31,01 - Clear,01 - Daylight,01 - Dry,11 - Roundabout,03 - P.D. only,04 - Sideswipe
0,Afternoon,0,0,17-7883,ST. JOSEPH BLVD @ JEANNE D'ARC BLVD,-75.54014142,45.46413657,2017,Sep,6,01 - Clear,01 - Daylight,01 - Dry,11 - Roundabout,03 - P.D. only,04 - Sideswipe
0,Evening,1,0,17-7996,ST. JOSEPH BLVD @ JEANNE D'ARC BLVD,-75.54014713,45.46413675,2017,Sep,9,01 - Clear,01 - Daylight,01 - Dry,11 - Roundabout,03 - P.D. only,04 - Sideswipe
0,Morning,0,0,17-8072,ST. JOSEPH BLVD @ JEANNE D'ARC BLVD,-75.54014142,45.4641367,2017,Sep,12,01 - Clear,01 - Daylight,01 - Dry,11 - Roundabout,03 - P.D. only,02 - Angle
0,Morning,0,0,17-8106,ST. JOSEPH BLVD @ JEANNE D'ARC BLVD,-75.54014128,45.46414475,2017,Sep,13,01 - Clear,01 - Daylight,01 - Dry,11 - Roundabout,02 - Non-fatal injury,02 - Angle
0,Morning,0,0,17-8113,ST. JOSEPH BLVD @ JEANNE D'ARC BLVD,-75.54013577,45.46413264,2017,Sep,13,01 - Clear,01 - Daylight,01 - Dry,11 - Roundabout,03 - P.D. only,04 - Sideswipe
0,Evening,0,0,17-8127,ST. JOSEPH BLVD @ JEANNE D'ARC BLVD,-75.54014155,45.46412866,2017,Sep,13,01 - Clear,01 - Daylight,01 - Dry,11 - Roundabout,03 - P.D. only,02 - Angle
0,Afternoon,0,0,17-8163,ST. JOSEPH BLVD @ JEANNE D'ARC BLVD,-75.54014138,45.46413872,2017,Sep,14,01 - Clear,01 - Daylight,01 - Dry,11 - Roundabout,03 - P.D. only,03 - Rear end
0,Afternoon,1,0,17-8262,ST. JOSEPH BLVD @ JEANNE D'ARC BLVD,-75.54012924,45.46414074,2017,Sep,17,01 - Clear,01 - Daylight,01 - Dry,11 - Roundabout,03 - P.D. only,04 - Sideswipe
0,Morning,0,0,17-8567,ST. JOSEPH BLVD @ JEANNE D'ARC BLVD,-75.54012749,45.46413368,2017,Sep,26,01 - Clear,01 - Daylight,01 - Dry,11 - Roundabout,03 - P.D. only,02 - Angle
0,Morning,1,0,17-8740,ST. JOSEPH BLVD @ JEANNE D'ARC BLVD,-75.54014754,45.46413238,2017,Sep,30,01 - Clear,01 - Daylight,01 - Dry,11 - Roundabout,03 - P.D. only,04 - Sideswipe
0,Afternoon,0,0,17-8802,ST. JOSEPH BLVD @ JEANNE D'ARC BLVD,-75.54013439,45.46413866,2017,Oct,2,01 - Clear,01 - Daylight,01 - Dry,11 - Roundabout,03 - P.D. only,04 - Sideswipe
0,Morning,0,0,17-9033,ST. JOSEPH BLVD @ JEANNE D'ARC BLVD,-75.540154,45.46415086,2017,Oct,10,01 - Clear,01 - Daylight,01 - Dry,11 - Roundabout,03 - P.D. only,04 - Sideswipe
0,Morning,0,0,17-9238,ST. JOSEPH BLVD @ JEANNE D'ARC BLVD,-75.54013529,45.46414079,2017,Oct,17,01 - Clear,01 - Daylight,01 - Dry,11 - Roundabout,03 - P.D. only,02 - Angle
0,Morning,0,0,17-9312,ST. JOSEPH BLVD @ JEANNE D'ARC BLVD,-75.54013448,45.46413622,2017,Oct,19,01 - Clear,01 - Daylight,01 - Dry,11 - Roundabout,03 - P.D. only,03 - Rear end
0,Morning,0,0,17-9513,ST. JOSEPH BLVD @ JEANNE D'ARC BLVD,-75.54015026,45.46414296,2017,Oct,25,01 - Clear,01 - Daylight,01 - Dry,11 - Roundabout,03 - P.D. only,04 - Sideswipe
0,Afternoon,1,0,17-9633,ST. JOSEPH BLVD @ JEANNE D'ARC BLVD,-75.540154,45.46415086,2017,Oct,28,01 - Clear,01 - Daylight,01 - Dry,11 - Roundabout,03 - P.D. only,04 - Sideswipe
0,Evening,0,0,17-10006,ST. JOSEPH BLVD @ JEANNE D'ARC BLVD,-75.54014566,45.46413875,2017,Nov,6,01 - Clear,07 - Dark,01 - Dry,11 - Roundabout,03 - P.D. only,02 - Angle
0,Night,0,0,17-10639,ST. JOSEPH BLVD @ JEANNE D'ARC BLVD,-75.5401371,45.46413868,2017,Nov,23,01 - Clear,07 - Dark,01 - Dry,11 - Roundabout,02 - Non-fatal injury,07 - SMV other
0,Morning,0,0,17-10687,ST. JOSEPH BLVD @ JEANNE D'ARC BLVD,-75.54016256,45.46415093,2017,Nov,24,01 - Clear,01 - Daylight,01 - Dry,11 - Roundabout,03 - P.D. only,02 - Angle
0,Morning,1,0,17-10734,ST. JOSEPH BLVD @ JEANNE D'ARC BLVD,-75.54012845,45.46414463,2017,Nov,25,02 - Rain,01 - Daylight,02 - Wet,11 - Roundabout,03 - P.D. only,02 - Angle
0,Morning,0,0,17-11226,ST. JOSEPH BLVD @ JEANNE D'ARC BLVD,-75.54013731,45.46412664,2017,Dec,6,01 - Clear,01 - Daylight,01 - Dry,11 - Roundabout,03 - P.D. only,04 - Sideswipe
0,Morning,0,0,17-11878,ST. JOSEPH BLVD @ JEANNE D'ARC BLVD,-75.54010886,45.46415154,2017,Dec,18,03 - Snow,03 - Dawn,03 - Loose snow,11 - Roundabout,03 - P.D. only,04 - Sideswipe
0,Afternoon,0,0,13-967,HUNT CLUB RD @ RIVERSIDE DR,-75.6931671,45.33461865,2013,Jan,23,01 - Clear,01 - Daylight,01 - Dry,01 - Traffic signal,02 - Non-fatal injury,03 - Rear end
0,Morning,1,0,13-1521,HUNT CLUB RD @ RIVERSIDE DR,-75.69317847,45.33462602,2013,Feb,2,03 - Snow,01 - Daylight,03 - Loose snow,01 - Traffic signal,03 - P.D. only,03 - Rear end
0,Morning,0,0,13-1667,HUNT CLUB RD @ RIVERSIDE DR,-75.6931671,45.33461865,2013,Feb,6,01 - Clear,03 - Dawn,01 - Dry,01 - Traffic signal,03 - P.D. only,05 - Turning movement
0,Afternoon,0,0,13-2942,HUNT CLUB RD @ RIVERSIDE DR,-75.69317878,45.33460416,2013,Mar,8,01 - Clear,01 - Daylight,02 - Wet,01 - Traffic signal,03 - P.D. only,04 - Sideswipe
0,Afternoon,0,0,13-2958,HUNT CLUB RD @ RIVERSIDE DR,-75.69319025,45.33460424,2013,Mar,8,01 - Clear,01 - Daylight,02 - Wet,01 - Traffic signal,03 - P.D. only,03 - Rear end
0,Afternoon,0,0,13-3244,HUNT CLUB RD @ RIVERSIDE DR,-75.69308659,45.33463266,2013,Mar,18,01 - Clear,01 - Daylight,01 - Dry,01 - Traffic signal,02 - Non-fatal injury,03 - Rear end
0,Morning,0,0,13-3349,HUNT CLUB RD @ RIVERSIDE DR,-75.69317836,45.33463331,2013,Mar,20,01 - Clear,01 - Daylight,02 - Wet,01 - Traffic signal,03 - P.D. only,03 - Rear end
0,Evening,0,0,13-3436,HUNT CLUB RD @ RIVERSIDE DR,-75.6930871,45.33459622,2013,Mar,21,01 - Clear,05 - Dusk,02 - Wet,01 - Traffic signal,03 - P.D. only,03 - Rear end
0,Morning,0,0,13-4708,HUNT CLUB RD @ RIVERSIDE DR,-75.69321268,45.33464084,2013,May,7,01 - Clear,01 - Daylight,01 - Dry,01 - Traffic signal,03 - P.D. only,05 - Turning movement
0,Afternoon,0,0,13-4816,HUNT CLUB RD @ RIVERSIDE DR,-75.69313289,45.33460383,2013,May,9,01 - Clear,01 - Daylight,01 - Dry,01 - Traffic signal,03 - P.D. only,04 - Sideswipe
0,Morning,0,0,13-4925,HUNT CLUB RD @ RIVERSIDE DR,-75.69319015,45.33461153,2013,May,13,01 - Clear,01 - Daylight,01 - Dry,01 - Traffic signal,02 - Non-fatal injury,03 - Rear end
0,Afternoon,0,0,13-5257,HUNT CLUB RD @ RIVERSIDE DR,-75.69315563,45.33461857,2013,May,23,02 - Rain,01 - Daylight,02 - Wet,01 - Traffic signal,03 - P.D. only,03 - Rear end
0,Evening,0,0,13-5715,HUNT CLUB RD @ RIVERSIDE DR,-75.69317836,45.33463331,2013,Jun,5,01 - Clear,01 - Daylight,01 - Dry,01 - Traffic signal,02 - Non-fatal injury,03 - Rear end
0,Afternoon,0,0,13-6033,HUNT CLUB RD @ RIVERSIDE DR,-75.69317847,45.33462602,2013,Jun,14,01 - Clear,01 - Daylight,01 - Dry,01 - Traffic signal,03 - P.D. only,03 - Rear end
0,Afternoon,1,0,13-6095,HUNT CLUB RD @ RIVERSIDE DR,-75.69320162,45.33461161,2013,Jun,16,01 - Clear,01 - Daylight,02 - Wet,01 - Traffic signal,03 - P.D. only,04 - Sideswipe
0,Morning,0,0,13-6133,HUNT CLUB RD @ RIVERSIDE DR,-75.69321309,45.33461169,2013,Jun,17,01 - Clear,01 - Daylight,01 - Dry,01 - Traffic signal,03 - P.D. only,03 - Rear end
0,Evening,0,0,13-6297,HUNT CLUB RD @ RIVERSIDE DR,-75.69310943,45.33464011,2013,Jun,21,01 - Clear,01 - Daylight,01 - Dry,01 - Traffic signal,03 - P.D. only,03 - Rear end
0,Afternoon,0,0,13-7127,HUNT CLUB RD @ RIVERSIDE DR,-75.69317867,45.33461145,2013,Jul,17,01 - Clear,01 - Daylight,01 - Dry,01 - Traffic signal,03 - P.D. only,03 - Rear end
0,Morning,0,0,13-7300,HUNT CLUB RD @ RIVERSIDE DR,-75.69319025,45.33460424,2013,Jul,23,01 - Clear,01 - Daylight,01 - Dry,01 - Traffic signal,02 - Non-fatal injury,03 - Rear end
0,Morning,0,0,13-7301,HUNT CLUB RD @ RIVERSIDE DR,-75.6932132,45.3346044,2013,Jul,23,01 - Clear,01 - Daylight,01 - Dry,01 - Traffic signal,03 - P.D. only,03 - Rear end
0,Evening,1,0,13-7491,HUNT CLUB RD @ RIVERSIDE DR,-75.69312111,45.33462562,2013,Jul,28,01 - Clear,07 - Dark,01 - Dry,01 - Traffic signal,03 - P.D. only,03 - Rear end
0,Afternoon,1,0,13-7702,HUNT CLUB RD @ RIVERSIDE DR,-75.69320162,45.33461161,2013,Aug,3,01 - Clear,01 - Daylight,01 - Dry,01 - Traffic signal,03 - P.D. only,03 - Rear end
0,Afternoon,0,0,13-7936,HUNT CLUB RD @ RIVERSIDE DR,-75.69322467,45.33460448,2013,Aug,12,01 - Clear,01 - Daylight,01 - Dry,01 - Traffic signal,03 - P.D. only,05 - Turning movement
0,Morning,1,0,13-10057,HUNT CLUB RD @ RIVERSIDE DR,-75.69321206,45.33468457,2013,Oct,12,01 - Clear,01 - Daylight,01 - Dry,01 - Traffic signal,02 - Non-fatal injury,03 - Rear end
0,Afternoon,0,0,13-11042,HUNT CLUB RD @ RIVERSIDE DR,-75.69322353,45.33468465,2013,Nov,7,01 - Clear,05 - Dusk,01 - Dry,01 - Traffic signal,03 - P.D. only,03 - Rear end
0,Morning,0,0,13-11208,HUNT CLUB RD @ RIVERSIDE DR,-75.6932133,45.33459711,2013,Nov,13,01 - Clear,01 - Daylight,01 - Dry,01 - Traffic signal,03 - P.D. only,04 - Sideswipe
0,Afternoon,0,0,13-11760,HUNT CLUB RD @ RIVERSIDE DR,-75.69319046,45.33458966,2013,Nov,25,01 - Clear,01 - Daylight,01 - Dry,01 - Traffic signal,03 - P.D. only,03 - Rear end
0,Morning,0,0,13-11786,HUNT CLUB RD @ RIVERSIDE DR,-75.69321299,45.33461898,2013,Nov,26,01 - Clear,01 - Daylight,01 - Dry,01 - Traffic signal,03 - P.D. only,03 - Rear end
0,Morning,0,0,13-12802,HUNT CLUB RD @ RIVERSIDE DR,-75.69313196,45.33466942,2013,Dec,17,01 - Clear,03 - Dawn,06 - Ice,01 - Traffic signal,03 - P.D. only,03 - Rear end
0,Morning,0,0,13-12920,HUNT CLUB RD @ RIVERSIDE DR,-75.69320172,45.33460432,2013,Dec,19,01 - Clear,07 - Dark,05 - Packed snow,01 - Traffic signal,03 - P.D. only,03 - Rear end
0,Morning,0,0,13-12980,HUNT CLUB RD @ RIVERSIDE DR,-75.69320152,45.3346189,2013,Dec,20,03 - Snow,01 - Daylight,05 - Packed snow,01 - Traffic signal,03 - P.D. only,03 - Rear end
0,Morning,0,0,14-258,HUNT CLUB RD @ RIVERSIDE DR,-75.69319004,45.33461928,2014,Jan,6,03 - Snow,01 - Daylight,02 - Wet,01 - Traffic signal,03 - P.D. only,03 - Rear end
0,Morning,0,0,14-401,HUNT CLUB RD @ RIVERSIDE DR,-75.69319657,45.33461477,2014,Jan,9,01 - Clear,03 - Dawn,06 - Ice,01 - Traffic signal,02 - Non-fatal injury,03 - Rear end
0,Morning,1,0,14-498,HUNT CLUB RD @ RIVERSIDE DR,-75.6931901,45.33461472,2014,Jan,11,04 - Freezing Rain,07 - Dark,06 - Ice,01 - Traffic signal,02 - Non-fatal injury,02 - Angle
0,Evening,0,0,14-758,HUNT CLUB RD @ RIVERSIDE DR,-75.69319657,45.33461477,2014,Jan,17,03 - Snow,05 - Dusk,02 - Wet,01 - Traffic signal,03 - P.D. only,04 - Sideswipe
0,Afternoon,1,0,14-1183,HUNT CLUB RD @ RIVERSIDE DR,-75.69319663,45.33461021,2014,Jan,26,01 - Clear,01 - Daylight,02 - Wet,01 - Traffic signal,03 - P.D. only,03 - Rear end
0,Morning,0,0,14-1253,HUNT CLUB RD @ RIVERSIDE DR,-75.69317178,45.33461207,2014,Jan,27,05 - Drifting Snow,01 - Daylight,03 - Loose snow,01 - Traffic signal,03 - P.D. only,03 - Rear end
0,Morning,0,0,14-1363,HUNT CLUB RD @ RIVERSIDE DR,-75.6931901,45.33461472,2014,Jan,28,01 - Clear,01 - Daylight,01 - Dry,01 - Traffic signal,03 - P.D. only,03 - Rear end
0,Morning,0,0,14-2088,HUNT CLUB RD @ RIVERSIDE DR,-75.6931901,45.33461472,2014,Feb,14,03 - Snow,03 - Dawn,03 - Loose snow,01 - Traffic signal,03 - P.D. only,03 - Rear end
0,Afternoon,1,0,14-3012,HUNT CLUB RD @ RIVERSIDE DR,-75.69319637,45.33459939,2014,Mar,8,01 - Clear,01 - Daylight,01 - Dry,01 - Traffic signal,03 - P.D. only,03 - Rear end
0,Evening,0,0,14-3067,HUNT CLUB RD @ RIVERSIDE DR,-75.69316009,45.33459914,2014,Mar,10,01 - Clear,05 - Dusk,02 - Wet,01 - Traffic signal,03 - P.D. only,03 - Rear end
0,Morning,0,0,14-3611,HUNT CLUB RD @ RIVERSIDE DR,-75.69317194,45.33461628,2014,Mar,27,01 - Clear,01 - Daylight,01 - Dry,01 - Traffic signal,03 - P.D. only,03 - Rear end
0,Evening,0,0,14-3673,HUNT CLUB RD @ RIVERSIDE DR,-75.69320834,45.33460801,2014,Mar,28,01 - Clear,07 - Dark,02 - Wet,01 - Traffic signal,03 - P.D. only,02 - Angle
0,Evening,0,0,14-3758,HUNT CLUB RD @ RIVERSIDE DR,-75.69318391,45.33462489,2014,Mar,31,01 - Clear,07 - Dark,01 - Dry,01 - Traffic signal,02 - Non-fatal injury,03 - Rear end
0,Morning,0,0,14-3993,HUNT CLUB RD @ RIVERSIDE DR,-75.69318427,45.33459931,2014,Apr,7,01 - Clear,01 - Daylight,01 - Dry,01 - Traffic signal,02 - Non-fatal injury,03 - Rear end
0,Evening,0,0,14-5250,HUNT CLUB RD @ RIVERSIDE DR,-75.69317218,45.33459922,2014,May,21,01 - Clear,01 - Daylight,01 - Dry,01 - Traffic signal,03 - P.D. only,03 - Rear end
0,Morning,0,0,14-5412,HUNT CLUB RD @ RIVERSIDE DR,-75.69318357,45.33461924,2014,May,26,01 - Clear,01 - Daylight,01 - Dry,01 - Traffic signal,03 - P.D. only,03 - Rear end
0,Morning,0,0,14-5581,HUNT CLUB RD @ RIVERSIDE DR,-75.69320822,45.33461654,2014,May,30,01 - Clear,01 - Daylight,01 - Dry,01 - Traffic signal,03 - P.D. only,04 - Sideswipe
0,Morning,0,0,14-5685,HUNT CLUB RD @ RIVERSIDE DR,-75.69319637,45.33459939,2014,Jun,3,02 - Rain,01 - Daylight,02 - Wet,01 - Traffic signal,03 - P.D. only,03 - Rear end
0,Morning,0,0,14-5686,HUNT CLUB RD @ RIVERSIDE DR,-75.69316009,45.33459914,2014,Jun,3,02 - Rain,01 - Daylight,02 - Wet,01 - Traffic signal,02 - Non-fatal injury,03 - Rear end
0,Afternoon,0,0,14-6032,HUNT CLUB RD @ RIVERSIDE DR,-75.69318415,45.33460784,2014,Jun,12,02 - Rain,01 - Daylight,02 - Wet,01 - Traffic signal,03 - P.D. only,03 - Rear end
0,Afternoon,1,0,14-6129,HUNT CLUB RD @ RIVERSIDE DR,-75.69319637,45.33459939,2014,Jun,15,01 - Clear,01 - Daylight,01 - Dry,01 - Traffic signal,02 - Non-fatal injury,03 - Rear end
0,Evening,1,0,14-6242,HUNT CLUB RD @ RIVERSIDE DR,-75.69318427,45.33459931,2014,Jun,7,01 - Clear,01 - Daylight,01 - Dry,01 - Traffic signal,03 - P.D. only,03 - Rear end
0,Morning,0,0,14-6709,HUNT CLUB RD @ RIVERSIDE DR,-75.69318415,45.33460784,2014,Jul,3,01 - Clear,01 - Daylight,01 - Dry,01 - Traffic signal,03 - P.D. only,03 - Rear end
0,Afternoon,0,0,14-6770,HUNT CLUB RD @ RIVERSIDE DR,-75.69317206,45.33460775,2014,Jul,4,01 - Clear,01 - Daylight,01 - Dry,01 - Traffic signal,03 - P.D. only,03 - Rear end
0,Evening,0,0,14-7077,HUNT CLUB RD @ RIVERSIDE DR,-75.69319612,45.33461645,2014,Jul,14,01 - Clear,01 - Daylight,01 - Dry,01 - Traffic signal,03 - P.D. only,03 - Rear end
0,Morning,0,0,14-7093,HUNT CLUB RD @ RIVERSIDE DR,-75.69319624,45.33460792,2014,Jul,15,02 - Rain,01 - Daylight,02 - Wet,01 - Traffic signal,03 - P.D. only,03 - Rear end
0,Morning,0,0,14-7095,HUNT CLUB RD @ RIVERSIDE DR,-75.69316009,45.33459914,2014,Jul,15,02 - Rain,01 - Daylight,02 - Wet,01 - Traffic signal,03 - P.D. only,03 - Rear end
0,Morning,0,0,14-7266,HUNT CLUB RD @ RIVERSIDE DR,-75.69319017,45.33461016,2014,Jul,21,01 - Clear,01 - Daylight,01 - Dry,01 - Traffic signal,03 - P.D. only,04 - Sideswipe
0,Morning,1,0,14-7486,HUNT CLUB RD @ RIVERSIDE DR,-75.69317587,45.33458909,2014,Jul,26,01 - Clear,01 - Daylight,01 - Dry,01 - Traffic signal,03 - P.D. only,03 - Rear end
0,Afternoon,0,0,14-7744,HUNT CLUB RD @ RIVERSIDE DR,-75.69318391,45.33462489,2014,Aug,5,01 - Clear,01 - Daylight,01 - Dry,01 - Traffic signal,03 - P.D. only,03 - Rear end
0,Morning,0,0,14-8241,HUNT CLUB RD @ RIVERSIDE DR,-75.69317206,45.33460775,2014,Aug,20,01 - Clear,01 - Daylight,01 - Dry,01 - Traffic signal,03 - P.D. only,03 - Rear end
0,Afternoon,0,0,14-8471,HUNT CLUB RD @ RIVERSIDE DR,-75.69319624,45.33460792,2014,Aug,27,01 - Clear,01 - Daylight,01 - Dry,01 - Traffic signal,02 - Non-fatal injury,03 - Rear end
0,Afternoon,0,0,14-9935,HUNT CLUB RD @ RIVERSIDE DR,-75.69318415,45.33460784,2014,Oct,7,01 - Clear,01 - Daylight,01 - Dry,01 - Traffic signal,03 - P.D. only,03 - Rear end
0,Morning,0,0,14-10686,HUNT CLUB RD @ RIVERSIDE DR,-75.69320238,45.33460369,2014,Oct,30,01 - Clear,01 - Daylight,01 - Dry,01 - Traffic signal,02 - Non-fatal injury,03 - Rear end
0,Afternoon,0,0,14-11405,HUNT CLUB RD @ RIVERSIDE DR,-75.69320834,45.33460801,2014,Nov,17,03 - Snow,05 - Dusk,03 - Loose snow,01 - Traffic signal,03 - P.D. only,03 - Rear end
0,Evening,0,0,14-11516,HUNT CLUB RD @ RIVERSIDE DR,-75.69319014,45.33461216,2014,Nov,19,01 - Clear,07 - Dark,02 - Wet,01 - Traffic signal,03 - P.D. only,03 - Rear end
0,Morning,0,0,14-11814,HUNT CLUB RD @ RIVERSIDE DR,-75.69318715,45.33460893,2014,Nov,27,01 - Clear,01 - Daylight,01 - Dry,01 - Traffic signal,03 - P.D. only,04 - Sideswipe