NO_OF_PEDESTRIANS,TIME (hh),DAY,RED_LIGHT_CAMERA,COLLISION_ID,LOCATION,LONGITUDE,LATITUDE,Year,MONTH,Date,ENVIRONMENT,LIGHT,SURFACE_CONDITION,TRAFFIC_CONTROL,COLLISION_CLASSIFICATION,IMPACT_TYPE
0,Morning,0,0,15-2344,WEST HUNT CLUB RD @ WOODROFFE AVE,-75.7489604,45.32867637,2015,Feb,11,01 - Clear,01 - Daylight,01 - Dry,01 - Traffic signal,02 - Non-fatal injury,03 - Rear end
0,Morning,0,0,15-2806,WEST HUNT CLUB RD @ WOODROFFE AVE,-75.74898476,45.32869387,2015,Feb,19,01 - Clear,01 - Daylight,01 - Dry,01 - Traffic signal,03 - P.D. only,03 - Rear end
0,Afternoon,0,0,15-2895,WEST HUNT CLUB RD @ WOODROFFE AVE,-75.74894799,45.32868496,2015,Feb,20,01 - Clear,01 - Daylight,06 - Ice,01 - Traffic signal,03 - P.D. only,03 - Rear end
0,Afternoon,0,0,15-5419,WEST HUNT CLUB RD @ WOODROFFE AVE,-75.74897245,45.32869489,2015,May,8,01 - Clear,01 - Daylight,01 - Dry,01 - Traffic signal,03 - P.D. only,04 - Sideswipe
0,Evening,0,0,15-5590,WEST HUNT CLUB RD @ WOODROFFE AVE,-75.74897247,45.32869379,2015,May,13,01 - Clear,01 - Daylight,01 - Dry,01 - Traffic signal,03 - P.D. only,03 - Rear end
0,Afternoon,0,0,15-6851,WEST HUNT CLUB RD @ WOODROFFE AVE,-75.74897262,45.32868192,2015,Jun,19,01 - Clear,01 - Daylight,01 - Dry,01 - Traffic signal,03 - P.D. only,03 - Rear end
0,Evening,0,0,15-7209,WEST HUNT CLUB RD @ WOODROFFE AVE,-75.74899084,45.32869501,2015,Jun,29,01 - Clear,01 - Daylight,01 - Dry,01 - Traffic signal,03 - P.D. only,03 - Rear end
0,Afternoon,0,0,15-7473,WEST HUNT CLUB RD @ WOODROFFE AVE,-75.74895415,45.32868828,2015,Jul,7,01 - Clear,01 - Daylight,01 - Dry,01 - Traffic signal,03 - P.D. only,03 - Rear end
0,Evening,0,0,15-8421,WEST HUNT CLUB RD @ WOODROFFE AVE,-75.74897237,45.32870137,2015,Aug,6,01 - Clear,01 - Daylight,01 - Dry,01 - Traffic signal,02 - Non-fatal injury,03 - Rear end
0,Morning,1,0,15-8704,WEST HUNT CLUB RD @ WOODROFFE AVE,-75.74897237,45.32870137,2015,Aug,15,01 - Clear,01 - Daylight,01 - Dry,01 - Traffic signal,03 - P.D. only,03 - Rear end
0,Evening,0,0,15-8836,WEST HUNT CLUB RD @ WOODROFFE AVE,-75.74898156,45.32870143,2015,Aug,19,01 - Clear,01 - Daylight,01 - Dry,01 - Traffic signal,03 - P.D. only,03 - Rear end
0,Afternoon,0,0,15-10163,WEST HUNT CLUB RD @ WOODROFFE AVE,-75.74897237,45.32870137,2015,Sep,29,02 - Rain,01 - Daylight,02 - Wet,01 - Traffic signal,03 - P.D. only,03 - Rear end
0,Morning,0,0,15-10729,WEST HUNT CLUB RD @ WOODROFFE AVE,-75.74896317,45.32870131,2015,Oct,16,01 - Clear,03 - Dawn,01 - Dry,01 - Traffic signal,03 - P.D. only,03 - Rear end
0,Afternoon,0,0,15-10942,WEST HUNT CLUB RD @ WOODROFFE AVE,-75.74898162,45.32869819,2015,Oct,21,01 - Clear,01 - Daylight,01 - Dry,01 - Traffic signal,03 - P.D. only,02 - Angle
0,Afternoon,0,0,15-11103,WEST HUNT CLUB RD @ WOODROFFE AVE,-75.74897245,45.32869489,2015,Oct,26,01 - Clear,01 - Daylight,01 - Dry,01 - Traffic signal,03 - P.D. only,03 - Rear end
0,Afternoon,0,0,15-11696,WEST HUNT CLUB RD @ WOODROFFE AVE,-75.7489725,45.32869163,2015,Nov,12,02 - Rain,01 - Daylight,02 - Wet,01 - Traffic signal,02 - Non-fatal injury,03 - Rear end
0,Afternoon,0,0,15-12033,WEST HUNT CLUB RD @ WOODROFFE AVE,-75.74898148,45.32870792,2015,Nov,19,02 - Rain,05 - Dusk,02 - Wet,01 - Traffic signal,03 - P.D. only,03 - Rear end
0,Afternoon,1,0,15-12099,WEST HUNT CLUB RD @ WOODROFFE AVE,-75.74897232,45.32870463,2015,Nov,22,01 - Clear,01 - Daylight,01 - Dry,01 - Traffic signal,03 - P.D. only,03 - Rear end
0,Evening,0,0,15-12916,WEST HUNT CLUB RD @ WOODROFFE AVE,-75.74897232,45.32870463,2015,Dec,14,01 - Clear,07 - Dark,01 - Dry,01 - Traffic signal,03 - P.D. only,03 - Rear end
0,Afternoon,0,0,16-487,WEST HUNT CLUB RD @ WOODROFFE AVE,-75.74897245,45.32869475,2016,Jan,13,01 - Clear,01 - Daylight,02 - Wet,01 - Traffic signal,03 - P.D. only,03 - Rear end
0,Morning,1,0,16-626,WEST HUNT CLUB RD @ WOODROFFE AVE,-75.74899167,45.32869092,2016,Jan,16,03 - Snow,01 - Daylight,04 - Slush,01 - Traffic signal,03 - P.D. only,03 - Rear end
0,Evening,1,0,16-702,WEST HUNT CLUB RD @ WOODROFFE AVE,-75.74897182,45.3286971,2016,Jan,17,03 - Snow,07 - Dark,03 - Loose snow,01 - Traffic signal,03 - P.D. only,03 - Rear end
0,Afternoon,0,0,16-771,WEST HUNT CLUB RD @ WOODROFFE AVE,-75.74897212,45.32868981,2016,Jan,19,01 - Clear,01 - Daylight,03 - Loose snow,01 - Traffic signal,03 - P.D. only,03 - Rear end
0,Morning,0,0,16-910,WEST HUNT CLUB RD @ WOODROFFE AVE,-75.74898084,45.32869621,2016,Jan,22,01 - Clear,01 - Daylight,01 - Dry,01 - Traffic signal,03 - P.D. only,04 - Sideswipe
0,Morning,0,0,16-1079,WEST HUNT CLUB RD @ WOODROFFE AVE,-75.74898068,45.32870806,2016,Jan,27,01 - Clear,01 - Daylight,06 - Ice,01 - Traffic signal,03 - P.D. only,07 - SMV other
0,Morning,0,0,16-1115,WEST HUNT CLUB RD @ WOODROFFE AVE,-75.74898303,45.32869698,2016,Jan,28,01 - Clear,03 - Dawn,01 - Dry,01 - Traffic signal,02 - Non-fatal injury,03 - Rear end
0,Morning,0,0,16-2085,WEST HUNT CLUB RD @ WOODROFFE AVE,-75.74896389,45.32870007,2016,Feb,19,03 - Snow,01 - Daylight,02 - Wet,01 - Traffic signal,03 - P.D. only,02 - Angle
0,Evening,0,0,16-2356,WEST HUNT CLUB RD @ WOODROFFE AVE,-75.74895843,45.32869606,2016,Feb,25,04 - Freezing Rain,07 - Dark,06 - Ice,01 - Traffic signal,03 - P.D. only,04 - Sideswipe
0,Evening,1,0,16-2492,WEST HUNT CLUB RD @ WOODROFFE AVE,-75.74897529,45.32869222,2016,Feb,28,04 - Freezing Rain,07 - Dark,02 - Wet,01 - Traffic signal,02 - Non-fatal injury,05 - Turning movement
0,Evening,1,0,16-2494,WEST HUNT CLUB RD @ WOODROFFE AVE,-75.74897287,45.32869814,2016,Feb,28,01 - Clear,07 - Dark,02 - Wet,01 - Traffic signal,03 - P.D. only,02 - Angle
0,Afternoon,0,0,16-3290,WEST HUNT CLUB RD @ WOODROFFE AVE,-75.74896958,45.32869609,2016,Mar,24,03 - Snow,01 - Daylight,03 - Loose snow,01 - Traffic signal,03 - P.D. only,03 - Rear end
0,Afternoon,1,0,16-3303,WEST HUNT CLUB RD @ WOODROFFE AVE,-75.74897277,45.32869829,2016,Mar,26,01 - Clear,01 - Daylight,02 - Wet,01 - Traffic signal,03 - P.D. only,03 - Rear end
0,Morning,0,0,16-3705,WEST HUNT CLUB RD @ WOODROFFE AVE,-75.74898097,45.32870021,2016,Apr,8,01 - Clear,01 - Daylight,02 - Wet,01 - Traffic signal,03 - P.D. only,03 - Rear end
0,Afternoon,0,0,16-3869,WEST HUNT CLUB RD @ WOODROFFE AVE,-75.74895823,45.32868794,2016,Apr,14,01 - Clear,01 - Daylight,01 - Dry,01 - Traffic signal,03 - P.D. only,03 - Rear end
0,Morning,0,0,16-4198,WEST HUNT CLUB RD @ WOODROFFE AVE,-75.74896957,45.32869609,2016,Apr,27,01 - Clear,01 - Daylight,01 - Dry,01 - Traffic signal,03 - P.D. only,03 - Rear end
0,Afternoon,0,0,16-4631,WEST HUNT CLUB RD @ WOODROFFE AVE,-75.74898185,45.32870832,2016,May,11,01 - Clear,01 - Daylight,01 - Dry,01 - Traffic signal,02 - Non-fatal injury,02 - Angle
0,Evening,0,0,16-6513,WEST HUNT CLUB RD @ WOODROFFE AVE,-75.74896962,45.32868993,2016,Jul,8,01 - Clear,01 - Daylight,01 - Dry,01 - Traffic signal,03 - P.D. only,01 - Approaching
0,Morning,0,0,16-8110,WEST HUNT CLUB RD @ WOODROFFE AVE,-75.74895891,45.32868599,2016,Sep,2,01 - Clear,01 - Daylight,01 - Dry,01 - Traffic signal,03 - P.D. only,03 - Rear end
0,Afternoon,0,0,16-8189,WEST HUNT CLUB RD @ WOODROFFE AVE,-75.74897865,45.32870299,2016,Sep,5,01 - Clear,01 - Daylight,01 - Dry,01 - Traffic signal,03 - P.D. only,03 - Rear end
0,Afternoon,0,0,16-8214,WEST HUNT CLUB RD @ WOODROFFE AVE,-75.74895143,45.32868681,2016,Sep,6,01 - Clear,01 - Daylight,01 - Dry,01 - Traffic signal,02 - Non-fatal injury,03 - Rear end
0,Morning,0,0,16-8304,WEST HUNT CLUB RD @ WOODROFFE AVE,-75.74897545,45.32869189,2016,Sep,9,01 - Clear,01 - Daylight,01 - Dry,01 - Traffic signal,03 - P.D. only,05 - Turning movement
0,Afternoon,1,0,16-8558,WEST HUNT CLUB RD @ WOODROFFE AVE,-75.74897246,45.3286944,2016,Sep,17,02 - Rain,01 - Daylight,02 - Wet,01 - Traffic signal,03 - P.D. only,03 - Rear end
0,Evening,1,0,16-8574,WEST HUNT CLUB RD @ WOODROFFE AVE,-75.74897927,45.32869577,2016,Sep,17,02 - Rain,07 - Dark,02 - Wet,01 - Traffic signal,03 - P.D. only,03 - Rear end
0,Evening,0,0,16-8756,WEST HUNT CLUB RD @ WOODROFFE AVE,-75.74896199,45.32868688,2016,Sep,22,02 - Rain,07 - Dark,02 - Wet,01 - Traffic signal,03 - P.D. only,03 - Rear end
0,Morning,0,0,16-9316,WEST HUNT CLUB RD @ WOODROFFE AVE,-75.74897266,45.3286795,2016,Oct,12,01 - Clear,01 - Daylight,01 - Dry,01 - Traffic signal,02 - Non-fatal injury,03 - Rear end
0,Evening,0,0,16-10049,WEST HUNT CLUB RD @ WOODROFFE AVE,-75.74897508,45.32870802,2016,Nov,1,01 - Clear,05 - Dusk,01 - Dry,01 - Traffic signal,03 - P.D. only,05 - Turning movement
0,Evening,0,0,16-10059,WEST HUNT CLUB RD @ WOODROFFE AVE,-75.74895394,45.3287087,2016,Nov,1,01 - Clear,07 - Dark,01 - Dry,01 - Traffic signal,02 - Non-fatal injury,03 - Rear end
0,Morning,1,0,16-10492,WEST HUNT CLUB RD @ WOODROFFE AVE,-75.74900394,45.32868406,2016,Nov,13,01 - Clear,01 - Daylight,01 - Dry,01 - Traffic signal,03 - P.D. only,03 - Rear end
0,Morning,0,0,16-10914,WEST HUNT CLUB RD @ WOODROFFE AVE,-75.74897524,45.32869617,2016,Nov,24,03 - Snow,01 - Daylight,04 - Slush,01 - Traffic signal,03 - P.D. only,04 - Sideswipe
0,Night,1,0,16-11007,WEST HUNT CLUB RD @ WOODROFFE AVE,-75.74898084,45.32869621,2016,Nov,26,01 - Clear,07 - Dark,02 - Wet,01 - Traffic signal,03 - P.D. only,02 - Angle
0,Morning,0,0,16-11082,WEST HUNT CLUB RD @ WOODROFFE AVE,-75.74897297,45.32869792,2016,Nov,29,04 - Freezing Rain,01 - Daylight,06 - Ice,01 - Traffic signal,03 - P.D. only,04 - Sideswipe
0,Night,0,0,16-11507,WEST HUNT CLUB RD @ WOODROFFE AVE,-75.74898312,45.32868702,2016,Dec,8,03 - Snow,07 - Dark,06 - Ice,01 - Traffic signal,03 - P.D. only,03 - Rear end
0,Morning,0,0,16-11816,WEST HUNT CLUB RD @ WOODROFFE AVE,-75.74898084,45.32869621,2016,Dec,15,01 - Clear,01 - Daylight,02 - Wet,01 - Traffic signal,03 - P.D. only,05 - Turning movement
0,Morning,0,0,17-780,WEST HUNT CLUB RD @ WOODROFFE AVE,-75.74897945,45.32869326,2017,Jan,23,01 - Clear,01 - Daylight,01 - Dry,01 - Traffic signal,03 - P.D. only,03 - Rear end
0,Afternoon,1,0,17-954,WEST HUNT CLUB RD @ WOODROFFE AVE,-75.74897254,45.3286883,2017,Jan,28,03 - Snow,01 - Daylight,02 - Wet,01 - Traffic signal,03 - P.D. only,03 - Rear end
0,Morning,0,0,17-1811,WEST HUNT CLUB RD @ WOODROFFE AVE,-75.74898521,45.32869821,2017,Feb,16,03 - Snow,01 - Daylight,06 - Ice,01 - Traffic signal,03 - P.D. only,03 - Rear end
0,Morning,0,0,17-1817,WEST HUNT CLUB RD @ WOODROFFE AVE,-75.7489683,45.32868606,2017,Feb,16,04 - Freezing Rain,01 - Daylight,06 - Ice,01 - Traffic signal,03 - P.D. only,03 - Rear end
0,Afternoon,1,0,17-1937,WEST HUNT CLUB RD @ WOODROFFE AVE,-75.74897676,45.32869214,2017,Feb,18,01 - Clear,01 - Daylight,02 - Wet,01 - Traffic signal,03 - P.D. only,03 - Rear end
0,Morning,0,0,17-2020,WEST HUNT CLUB RD @ WOODROFFE AVE,-75.74896814,45.3286981,2017,Feb,21,01 - Clear,01 - Daylight,01 - Dry,01 - Traffic signal,03 - P.D. only,03 - Rear end
0,Evening,0,0,17-2179,WEST HUNT CLUB RD @ WOODROFFE AVE,-75.74896822,45.32869208,2017,Feb,27,01 - Clear,01 - Daylight,01 - Dry,01 - Traffic signal,03 - P.D. only,03 - Rear end
0,Afternoon,1,0,17-2338,WEST HUNT CLUB RD @ WOODROFFE AVE,-75.74895953,45.32870406,2017,Mar,4,01 - Clear,01 - Daylight,01 - Dry,01 - Traffic signal,02 - Non-fatal injury,03 - Rear end
0,Evening,0,0,17-2778,WEST HUNT CLUB RD @ WOODROFFE AVE,-75.74896814,45.3286981,2017,Mar,16,01 - Clear,07 - Dark,01 - Dry,01 - Traffic signal,02 - Non-fatal injury,03 - Rear end
0,Afternoon,0,0,17-2808,WEST HUNT CLUB RD @ WOODROFFE AVE,-75.7489766,45.32870418,2017,Mar,17,01 - Clear,01 - Daylight,02 - Wet,01 - Traffic signal,03 - P.D. only,03 - Rear end
0,Morning,0,0,17-3054,WEST HUNT CLUB RD @ WOODROFFE AVE,-75.74895953,45.32870406,2017,Mar,24,03 - Snow,01 - Daylight,05 - Packed snow,01 - Traffic signal,03 - P.D. only,03 - Rear end
0,Afternoon,0,0,17-3282,WEST HUNT CLUB RD @ WOODROFFE AVE,-75.74896352,45.32870049,2017,Mar,31,02 - Rain,01 - Daylight,02 - Wet,01 - Traffic signal,03 - P.D. only,03 - Rear end
0,Evening,0,0,17-3633,WEST HUNT CLUB RD @ WOODROFFE AVE,-75.7489683,45.32868606,2017,Apr,13,01 - Clear,01 - Daylight,01 - Dry,01 - Traffic signal,03 - P.D. only,03 - Rear end
0,Evening,0,0,17-3788,WEST HUNT CLUB RD @ WOODROFFE AVE,-75.74895969,45.32869203,2017,Apr,19,02 - Rain,01 - Daylight,02 - Wet,01 - Traffic signal,03 - P.D. only,03 - Rear end
0,Evening,0,0,17-3977,WEST HUNT CLUB RD @ WOODROFFE AVE,-75.74895969,45.32869203,2017,Apr,26,01 - Clear,01 - Daylight,01 - Dry,01 - Traffic signal,03 - P.D. only,03 - Rear end
0,Morning,1,0,17-4072,WEST HUNT CLUB RD @ WOODROFFE AVE,-75.74895961,45.32869804,2017,Apr,30,02 - Rain,01 - Daylight,02 - Wet,01 - Traffic signal,02 - Non-fatal injury,02 - Angle
0,Afternoon,0,0,17-4102,WEST HUNT CLUB RD @ WOODROFFE AVE,-75.74895969,45.32869203,2017,May,1,02 - Rain,01 - Daylight,02 - Wet,01 - Traffic signal,03 - P.D. only,05 - Turning movement
0,Morning,1,0,17-4279,WEST HUNT CLUB RD @ WOODROFFE AVE,-75.74898513,45.32870423,2017,May,6,02 - Rain,01 - Daylight,02 - Wet,01 - Traffic signal,02 - Non-fatal injury,02 - Angle
0,Evening,0,0,17-4547,WEST HUNT CLUB RD @ WOODROFFE AVE,-75.74898529,45.32869219,2017,May,16,01 - Clear,07 - Dark,01 - Dry,01 - Traffic signal,03 - P.D. only,03 - Rear end
0,Night,0,0,17-4667,WEST HUNT CLUB RD @ WOODROFFE AVE,-75.74895108,45.32869799,2017,May,19,01 - Clear,07 - Dark,01 - Dry,01 - Traffic signal,03 - P.D. only,02 - Angle
0,Evening,1,0,17-4921,WEST HUNT CLUB RD @ WOODROFFE AVE,-75.74897668,45.32869816,2017,May,27,01 - Clear,01 - Daylight,01 - Dry,01 - Traffic signal,02 - Non-fatal injury,07 - SMV other
0,Morning,0,0,17-5165,WEST HUNT CLUB RD @ WOODROFFE AVE,-75.74895969,45.32869203,2017,Jun,1,01 - Clear,01 - Daylight,01 - Dry,01 - Traffic signal,03 - P.D. only,03 - Rear end
0,Evening,0,0,17-5661,WEST HUNT CLUB RD @ WOODROFFE AVE,-75.74898485,45.32870076,2017,Jun,20,01 - Clear,01 - Daylight,01 - Dry,01 - Traffic signal,03 - P.D. only,04 - Sideswipe
0,Morning,0,0,17-6631,WEST HUNT CLUB RD @ WOODROFFE AVE,-75.74898876,45.32869824,2017,Jul,24,02 - Rain,01 - Daylight,02 - Wet,01 - Traffic signal,03 - P.D. only,05 - Turning movement
0,Morning,1,0,17-8254,WEST HUNT CLUB RD @ WOODROFFE AVE,-75.74898463,45.32869606,2017,Sep,17,01 - Clear,01 - Daylight,01 - Dry,01 - Traffic signal,03 - P.D. only,03 - Rear end
0,Evening,0,0,17-8368,WEST HUNT CLUB RD @ WOODROFFE AVE,-75.74896013,45.3287045,2017,Sep,20,01 - Clear,01 - Daylight,01 - Dry,01 - Traffic signal,03 - P.D. only,03 - Rear end
0,Afternoon,0,0,17-8830,WEST HUNT CLUB RD @ WOODROFFE AVE,-75.74897249,45.32869174,2017,Oct,3,01 - Clear,01 - Daylight,01 - Dry,01 - Traffic signal,02 - Non-fatal injury,03 - Rear end
0,Afternoon,1,0,17-8982,WEST HUNT CLUB RD @ WOODROFFE AVE,-75.74897937,45.32869573,2017,Oct,7,02 - Rain,01 - Daylight,02 - Wet,01 - Traffic signal,03 - P.D. only,03 - Rear end
0,Afternoon,1,0,17-8994,WEST HUNT CLUB RD @ WOODROFFE AVE,-75.74895847,45.32869804,2017,Oct,7,01 - Clear,01 - Daylight,01 - Dry,01 - Traffic signal,03 - P.D. only,04 - Sideswipe
0,Afternoon,0,0,17-9726,WEST HUNT CLUB RD @ WOODROFFE AVE,-75.74897238,45.32870028,2017,Oct,30,01 - Clear,01 - Daylight,01 - Dry,01 - Traffic signal,03 - P.D. only,03 - Rear end
0,Evening,0,0,17-10121,WEST HUNT CLUB RD @ WOODROFFE AVE,-75.7489725,45.32869168,2017,Nov,9,01 - Clear,07 - Dark,01 - Dry,01 - Traffic signal,03 - P.D. only,04 - Sideswipe
0,Afternoon,1,0,17-10217,WEST HUNT CLUB RD @ WOODROFFE AVE,-75.74895953,45.32870406,2017,Nov,12,01 - Clear,01 - Daylight,01 - Dry,01 - Traffic signal,03 - P.D. only,03 - Rear end
0,Evening,0,0,17-10385,WEST HUNT CLUB RD @ WOODROFFE AVE,-75.74899374,45.32869827,2017,Nov,16,02 - Rain,07 - Dark,02 - Wet,01 - Traffic signal,03 - P.D. only,03 - Rear end
0,Morning,0,0,17-10403,WEST HUNT CLUB RD @ WOODROFFE AVE,-75.74897363,45.32869919,2017,Nov,17,01 - Clear,01 - Daylight,01 - Dry,01 - Traffic signal,03 - P.D. only,03 - Rear end
0,Evening,1,0,17-10825,WEST HUNT CLUB RD @ WOODROFFE AVE,-75.74896814,45.3286981,2017,Nov,26,03 - Snow,07 - Dark,03 - Loose snow,01 - Traffic signal,03 - P.D. only,03 - Rear end
0,Night,1,0,17-11098,WEST HUNT CLUB RD @ WOODROFFE AVE,-75.74895969,45.32869203,2017,Dec,2,01 - Clear,00 - Unknown,01 - Dry,01 - Traffic signal,03 - P.D. only,04 - Sideswipe
0,Morning,1,0,17-11101,WEST HUNT CLUB RD @ WOODROFFE AVE,-75.74896807,45.32870412,2017,Dec,2,01 - Clear,01 - Daylight,01 - Dry,01 - Traffic signal,03 - P.D. only,03 - Rear end
0,Evening,0,0,17-11355,WEST HUNT CLUB RD @ WOODROFFE AVE,-75.74895961,45.32869804,2017,Dec,8,01 - Clear,07 - Dark,01 - Dry,01 - Traffic signal,03 - P.D. only,04 - Sideswipe
0,Morning,0,0,17-11447,WEST HUNT CLUB RD @ WOODROFFE AVE,-75.74897676,45.32869214,2017,Dec,11,01 - Clear,01 - Daylight,01 - Dry,01 - Traffic signal,03 - P.D. only,03 - Rear end
0,Morning,0,0,17-11517,WEST HUNT CLUB RD @ WOODROFFE AVE,-75.74897853,45.32869178,2017,Dec,12,03 - Snow,01 - Daylight,03 - Loose snow,01 - Traffic signal,03 - P.D. only,03 - Rear end
0,Morning,0,0,17-12398,WEST HUNT CLUB RD @ WOODROFFE AVE,-75.7489664,45.32869596,2017,Dec,27,01 - Clear,01 - Daylight,01 - Dry,01 - Traffic signal,03 - P.D. only,03 - Rear end
0,Morning,0,0,13-532,PRINCE OF WALES DR @ WEST HUNT CLUB RD,-75.70055956,45.33414831,2013,Jan,14,01 - Clear,01 - Daylight,02 - Wet,01 - Traffic signal,03 - P.D. only,03 - Rear end
0,Night,0,0,13-1011,PRINCE OF WALES DR @ WEST HUNT CLUB RD,-75.70054778,45.33417009,2013,Jan,23,01 - Clear,07 - Dark,01 - Dry,01 - Traffic signal,03 - P.D. only,07 - SMV other
0,Afternoon,0,0,13-1166,PRINCE OF WALES DR @ WEST HUNT CLUB RD,-75.7005823,45.33416304,2013,Jan,25,01 - Clear,01 - Daylight,02 - Wet,01 - Traffic signal,03 - P.D. only,03 - Rear end
0,Afternoon,0,0,13-2398,PRINCE OF WALES DR @ WEST HUNT CLUB RD,-75.70050066,45.33425722,2013,Feb,22,01 - Clear,01 - Daylight,01 - Dry,01 - Traffic signal,03 - P.D. only,03 - Rear end
0,Evening,0,0,13-2408,PRINCE OF WALES DR @ WEST HUNT CLUB RD,-75.70054737,45.33419924,2013,Feb,22,01 - Clear,07 - Dark,02 - Wet,01 - Traffic signal,03 - P.D. only,03 - Rear end
0,Afternoon,0,0,13-2818,PRINCE OF WALES DR @ WEST HUNT CLUB RD,-75.70054753,45.33418467,2013,Mar,4,01 - Clear,01 - Daylight,01 - Dry,01 - Traffic signal,03 - P.D. only,04 - Sideswipe
0,Morning,0,0,13-2907,PRINCE OF WALES DR @ WEST HUNT CLUB RD,-75.70058199,45.33418491,2013,Mar,7,01 - Clear,01 - Daylight,01 - Dry,01 - Traffic signal,02 - Non-fatal injury,03 - Rear end
0,Afternoon,0,0,13-2961,PRINCE OF WALES DR @ WEST HUNT CLUB RD,-75.70057072,45.33417025,2013,Mar,8,01 - Clear,01 - Daylight,02 - Wet,01 - Traffic signal,03 - P.D. only,04 - Sideswipe
0,Morning,1,0,13-3913,PRINCE OF WALES DR @ WEST HUNT CLUB RD,-75.70068503,45.3342002,2013,Apr,7,01 - Clear,01 - Daylight,01 - Dry,01 - Traffic signal,03 - P.D. only,03 - Rear end
0,Afternoon,0,0,13-3940,PRINCE OF WALES DR @ WEST HUNT CLUB RD,-75.70047864,45.33419147,2013,Apr,8,01 - Clear,01 - Daylight,01 - Dry,01 - Traffic signal,03 - P.D. only,03 - Rear end
0,Evening,0,0,13-5147,PRINCE OF WALES DR @ WEST HUNT CLUB RD,-75.70059346,45.33418499,2013,May,20,01 - Clear,01 - Daylight,01 - Dry,01 - Traffic signal,03 - P.D. only,03 - Rear end
0,Afternoon,0,0,13-5742,PRINCE OF WALES DR @ WEST HUNT CLUB RD,-75.70058178,45.33419948,2013,Jun,6,02 - Rain,01 - Daylight,02 - Wet,01 - Traffic signal,03 - P.D. only,04 - Sideswipe
0,Evening,0,0,13-5928,PRINCE OF WALES DR @ WEST HUNT CLUB RD,-75.70059367,45.33417041,2013,Jun,11,02 - Rain,01 - Daylight,02 - Wet,01 - Traffic signal,03 - P.D. only,03 - Rear end
0,Morning,1,0,13-6313,PRINCE OF WALES DR @ WEST HUNT CLUB RD,-75.70054798,45.33415552,2013,Jun,22,02 - Rain,01 - Daylight,02 - Wet,01 - Traffic signal,02 - Non-fatal injury,03 - Rear end
0,Morning,0,0,13-6496,PRINCE OF WALES DR @ WEST HUNT CLUB RD,-75.70058178,45.33419948,2013,Jun,27,01 - Clear,01 - Daylight,01 - Dry,01 - Traffic signal,03 - P.D. only,03 - Rear end
0,Afternoon,0,0,13-6544,PRINCE OF WALES DR @ WEST HUNT CLUB RD,-75.70053579,45.33420645,2013,Jun,27,01 - Clear,01 - Daylight,01 - Dry,01 - Traffic signal,02 - Non-fatal injury,03 - Rear end
0,Evening,0,0,13-7067,PRINCE OF WALES DR @ WEST HUNT CLUB RD,-75.70055904,45.33418475,2013,Jul,15,01 - Clear,01 - Daylight,01 - Dry,01 - Traffic signal,02 - Non-fatal injury,03 - Rear end
0,Night,0,0,13-8011,PRINCE OF WALES DR @ WEST HUNT CLUB RD,-75.70057062,45.33417754,2013,Aug,14,01 - Clear,07 - Dark,01 - Dry,01 - Traffic signal,03 - P.D. only,03 - Rear end
0,Afternoon,0,0,13-8075,PRINCE OF WALES DR @ WEST HUNT CLUB RD,-75.70059346,45.33418499,2013,Aug,15,01 - Clear,01 - Daylight,01 - Dry,01 - Traffic signal,03 - P.D. only,03 - Rear end
0,Evening,0,0,13-8512,PRINCE OF WALES DR @ WEST HUNT CLUB RD,-75.70059326,45.33419956,2013,Aug,29,01 - Clear,07 - Dark,01 - Dry,01 - Traffic signal,03 - P.D. only,03 - Rear end
0,Evening,0,0,13-8995,PRINCE OF WALES DR @ WEST HUNT CLUB RD,-75.70058219,45.33417033,2013,Sep,12,01 - Clear,07 - Dark,02 - Wet,01 - Traffic signal,03 - P.D. only,03 - Rear end
0,Evening,0,0,13-10027,PRINCE OF WALES DR @ WEST HUNT CLUB RD,-75.70058178,45.33419948,2013,Oct,10,01 - Clear,07 - Dark,01 - Dry,01 - Traffic signal,03 - P.D. only,03 - Rear end