NO_OF_PEDESTRIANS,TIME (hh),DAY,RED_LIGHT_CAMERA,COLLISION_ID,LOCATION,LONGITUDE,LATITUDE,Year,MONTH,Date,ENVIRONMENT,LIGHT,SURFACE_CONDITION,TRAFFIC_CONTROL,COLLISION_CLASSIFICATION,IMPACT_TYPE
0,Evening,1,0,13-10564,PRINCE OF WALES DR @ WEST HUNT CLUB RD,-75.70053569,45.33421374,2013,Oct,26,02 - Rain,07 - Dark,02 - Wet,01 - Traffic signal,03 - P.D. only,03 - Rear end
0,Morning,0,0,13-11240,PRINCE OF WALES DR @ WEST HUNT CLUB RD,-75.70055915,45.33417746,2013,Nov,14,01 - Clear,01 - Daylight,01 - Dry,01 - Traffic signal,03 - P.D. only,03 - Rear end
0,Morning,1,0,13-11644,PRINCE OF WALES DR @ WEST HUNT CLUB RD,-75.70058199,45.33418491,2013,Nov,23,03 - Snow,01 - Daylight,03 - Loose snow,01 - Traffic signal,03 - P.D. only,03 - Rear end
0,Evening,0,0,13-12240,PRINCE OF WALES DR @ WEST HUNT CLUB RD,-75.70049001,45.33419884,2013,Dec,5,01 - Clear,07 - Dark,02 - Wet,01 - Traffic signal,03 - P.D. only,03 - Rear end
0,Afternoon,0,0,13-12452,PRINCE OF WALES DR @ WEST HUNT CLUB RD,-75.70058219,45.33417033,2013,Dec,10,01 - Clear,01 - Daylight,02 - Wet,01 - Traffic signal,03 - P.D. only,03 - Rear end
0,Morning,0,0,13-12528,PRINCE OF WALES DR @ WEST HUNT CLUB RD,-75.70055925,45.33417017,2013,Dec,12,01 - Clear,03 - Dawn,01 - Dry,01 - Traffic signal,03 - P.D. only,03 - Rear end
0,Evening,0,0,13-12611,PRINCE OF WALES DR @ WEST HUNT CLUB RD,-75.70057062,45.33417754,2013,Dec,12,01 - Clear,07 - Dark,01 - Dry,01 - Traffic signal,03 - P.D. only,04 - Sideswipe
0,Morning,1,0,13-12683,PRINCE OF WALES DR @ WEST HUNT CLUB RD,-75.70058219,45.33417033,2013,Dec,15,03 - Snow,03 - Dawn,03 - Loose snow,01 - Traffic signal,03 - P.D. only,04 - Sideswipe
0,Afternoon,0,0,13-13188,PRINCE OF WALES DR @ WEST HUNT CLUB RD,-75.70057,45.33422126,2013,Dec,24,01 - Clear,01 - Daylight,01 - Dry,01 - Traffic signal,03 - P.D. only,03 - Rear end
0,Morning,0,0,13-13367,PRINCE OF WALES DR @ WEST HUNT CLUB RD,-75.70055874,45.33420661,2013,Dec,31,03 - Snow,01 - Daylight,03 - Loose snow,01 - Traffic signal,03 - P.D. only,03 - Rear end
0,Afternoon,1,0,14-201,PRINCE OF WALES DR @ WEST HUNT CLUB RD,-75.70057057,45.33418073,2014,Jan,4,01 - Clear,01 - Daylight,02 - Wet,01 - Traffic signal,03 - P.D. only,03 - Rear end
0,Afternoon,0,0,14-608,PRINCE OF WALES DR @ WEST HUNT CLUB RD,-75.70057057,45.33418073,2014,Jan,13,01 - Clear,01 - Daylight,06 - Ice,01 - Traffic signal,03 - P.D. only,03 - Rear end
0,Morning,0,0,14-1454,PRINCE OF WALES DR @ WEST HUNT CLUB RD,-75.7005766,45.33418246,2014,Jan,31,01 - Clear,01 - Daylight,02 - Wet,01 - Traffic signal,03 - P.D. only,03 - Rear end
0,Evening,0,0,14-1479,PRINCE OF WALES DR @ WEST HUNT CLUB RD,-75.70054044,45.33417368,2014,Jan,31,01 - Clear,07 - Dark,01 - Dry,01 - Traffic signal,03 - P.D. only,04 - Sideswipe
0,Morning,0,0,14-1890,PRINCE OF WALES DR @ WEST HUNT CLUB RD,-75.70056474,45.33416532,2014,Feb,10,01 - Clear,07 - Dark,02 - Wet,01 - Traffic signal,03 - P.D. only,03 - Rear end
0,Evening,0,0,14-2412,PRINCE OF WALES DR @ WEST HUNT CLUB RD,-75.70057057,45.33418073,2014,Feb,11,01 - Clear,05 - Dusk,02 - Wet,01 - Traffic signal,03 - P.D. only,03 - Rear end
0,Morning,1,0,14-2719,PRINCE OF WALES DR @ WEST HUNT CLUB RD,-75.70057051,45.3341853,2014,Mar,1,01 - Clear,01 - Daylight,02 - Wet,01 - Traffic signal,03 - P.D. only,03 - Rear end
0,Morning,1,0,14-3246,PRINCE OF WALES DR @ WEST HUNT CLUB RD,-75.70056474,45.33416532,2014,Mar,15,01 - Clear,01 - Daylight,02 - Wet,01 - Traffic signal,03 - P.D. only,03 - Rear end
0,Evening,0,0,14-3864,PRINCE OF WALES DR @ WEST HUNT CLUB RD,-75.70057057,45.33418073,2014,Apr,3,01 - Clear,01 - Daylight,01 - Dry,01 - Traffic signal,03 - P.D. only,03 - Rear end
0,Morning,0,0,14-4637,PRINCE OF WALES DR @ WEST HUNT CLUB RD,-75.7005766,45.33418246,2014,May,1,01 - Clear,01 - Daylight,01 - Dry,01 - Traffic signal,03 - P.D. only,03 - Rear end
0,Morning,0,0,14-4844,PRINCE OF WALES DR @ WEST HUNT CLUB RD,-75.7005766,45.33418246,2014,May,9,01 - Clear,01 - Daylight,01 - Dry,01 - Traffic signal,03 - P.D. only,03 - Rear end
0,Afternoon,0,0,14-5290,PRINCE OF WALES DR @ WEST HUNT CLUB RD,-75.70057085,45.33416088,2014,May,22,01 - Clear,01 - Daylight,01 - Dry,01 - Traffic signal,02 - Non-fatal injury,03 - Rear end
0,Morning,0,0,14-5507,PRINCE OF WALES DR @ WEST HUNT CLUB RD,-75.70057057,45.33418073,2014,May,29,01 - Clear,01 - Daylight,01 - Dry,01 - Traffic signal,03 - P.D. only,03 - Rear end
0,Morning,0,0,14-5646,PRINCE OF WALES DR @ WEST HUNT CLUB RD,-75.7006009,45.3341741,2014,Jun,2,01 - Clear,01 - Daylight,01 - Dry,01 - Traffic signal,03 - P.D. only,03 - Rear end
0,Morning,0,0,14-5732,PRINCE OF WALES DR @ WEST HUNT CLUB RD,-75.70056462,45.33417385,2014,Jun,4,01 - Clear,01 - Daylight,01 - Dry,01 - Traffic signal,03 - P.D. only,03 - Rear end
0,Evening,0,0,14-5833,PRINCE OF WALES DR @ WEST HUNT CLUB RD,-75.7005766,45.33418246,2014,Jun,6,01 - Clear,01 - Daylight,01 - Dry,01 - Traffic signal,02 - Non-fatal injury,03 - Rear end
0,Morning,0,0,14-6470,PRINCE OF WALES DR @ WEST HUNT CLUB RD,-75.70056474,45.33416532,2014,Jun,24,01 - Clear,01 - Daylight,01 - Dry,01 - Traffic signal,03 - P.D. only,04 - Sideswipe
0,Morning,0,0,14-6515,PRINCE OF WALES DR @ WEST HUNT CLUB RD,-75.70056486,45.33415679,2014,Jun,26,01 - Clear,01 - Daylight,01 - Dry,01 - Traffic signal,03 - P.D. only,03 - Rear end
0,Morning,0,0,14-6736,PRINCE OF WALES DR @ WEST HUNT CLUB RD,-75.70057711,45.33417622,2014,Jun,25,01 - Clear,01 - Daylight,01 - Dry,01 - Traffic signal,03 - P.D. only,03 - Rear end
0,Evening,1,0,14-6789,PRINCE OF WALES DR @ WEST HUNT CLUB RD,-75.70057684,45.33416541,2014,Jul,5,01 - Clear,01 - Daylight,01 - Dry,01 - Traffic signal,03 - P.D. only,03 - Rear end
0,Morning,0,0,14-6820,PRINCE OF WALES DR @ WEST HUNT CLUB RD,-75.70055289,45.33414818,2014,Jul,7,01 - Clear,01 - Daylight,01 - Dry,01 - Traffic signal,03 - P.D. only,03 - Rear end
0,Morning,0,0,14-7183,PRINCE OF WALES DR @ WEST HUNT CLUB RD,-75.70055265,45.33416524,2014,Jul,18,01 - Clear,01 - Daylight,01 - Dry,01 - Traffic signal,03 - P.D. only,03 - Rear end
0,Evening,1,0,14-7707,PRINCE OF WALES DR @ WEST HUNT CLUB RD,-75.70055253,45.33417376,2014,Aug,3,01 - Clear,01 - Daylight,01 - Dry,01 - Traffic signal,03 - P.D. only,03 - Rear end
0,Morning,0,0,14-7834,PRINCE OF WALES DR @ WEST HUNT CLUB RD,-75.7005707,45.33417161,2014,Aug,8,01 - Clear,01 - Daylight,01 - Dry,01 - Traffic signal,03 - P.D. only,03 - Rear end
0,Afternoon,0,0,14-8004,PRINCE OF WALES DR @ WEST HUNT CLUB RD,-75.70056474,45.33416532,2014,Aug,13,01 - Clear,01 - Daylight,01 - Dry,01 - Traffic signal,02 - Non-fatal injury,03 - Rear end
0,Morning,0,0,14-8173,PRINCE OF WALES DR @ WEST HUNT CLUB RD,-75.70055253,45.33417376,2014,Aug,18,01 - Clear,01 - Daylight,01 - Dry,01 - Traffic signal,03 - P.D. only,03 - Rear end
0,Morning,0,0,14-8426,PRINCE OF WALES DR @ WEST HUNT CLUB RD,-75.70055289,45.33414818,2014,Aug,26,01 - Clear,01 - Daylight,01 - Dry,01 - Traffic signal,03 - P.D. only,03 - Rear end
0,Afternoon,0,0,14-8858,PRINCE OF WALES DR @ WEST HUNT CLUB RD,-75.70056474,45.33416532,2014,Sep,8,01 - Clear,01 - Daylight,01 - Dry,01 - Traffic signal,03 - P.D. only,03 - Rear end
0,Afternoon,0,0,14-9174,PRINCE OF WALES DR @ WEST HUNT CLUB RD,-75.70057684,45.33416541,2014,Sep,17,01 - Clear,01 - Daylight,01 - Dry,01 - Traffic signal,03 - P.D. only,03 - Rear end
0,Evening,0,0,14-9346,PRINCE OF WALES DR @ WEST HUNT CLUB RD,-75.70058893,45.33416549,2014,Sep,22,01 - Clear,01 - Daylight,01 - Dry,01 - Traffic signal,03 - P.D. only,03 - Rear end
0,Evening,1,0,14-9351,PRINCE OF WALES DR @ WEST HUNT CLUB RD,-75.70057696,45.33415688,2014,Sep,21,01 - Clear,07 - Dark,01 - Dry,01 - Traffic signal,03 - P.D. only,03 - Rear end
0,Morning,0,0,14-10611,PRINCE OF WALES DR @ WEST HUNT CLUB RD,-75.70057073,45.33416962,2014,Oct,28,02 - Rain,01 - Daylight,02 - Wet,01 - Traffic signal,03 - P.D. only,04 - Sideswipe
0,Afternoon,0,0,14-10710,PRINCE OF WALES DR @ WEST HUNT CLUB RD,-75.70058273,45.33417825,2014,Oct,30,01 - Clear,01 - Daylight,01 - Dry,01 - Traffic signal,02 - Non-fatal injury,03 - Rear end
0,Evening,0,0,14-10893,PRINCE OF WALES DR @ WEST HUNT CLUB RD,-75.70057684,45.33416541,2014,Nov,4,02 - Rain,07 - Dark,02 - Wet,01 - Traffic signal,03 - P.D. only,03 - Rear end
0,Evening,0,0,14-11052,PRINCE OF WALES DR @ WEST HUNT CLUB RD,-75.70055253,45.33417376,2014,Nov,7,01 - Clear,07 - Dark,01 - Dry,01 - Traffic signal,03 - P.D. only,03 - Rear end
0,Evening,0,0,14-12026,PRINCE OF WALES DR @ WEST HUNT CLUB RD,-75.70056474,45.33416532,2014,Dec,2,01 - Clear,07 - Dark,01 - Dry,01 - Traffic signal,03 - P.D. only,03 - Rear end
0,Afternoon,0,0,15-153,PRINCE OF WALES DR @ WEST HUNT CLUB RD,-75.70057061,45.33417823,2015,Jan,5,03 - Snow,01 - Daylight,06 - Ice,01 - Traffic signal,02 - Non-fatal injury,03 - Rear end
0,Afternoon,0,0,15-226,PRINCE OF WALES DR @ WEST HUNT CLUB RD,-75.70055868,45.33415212,2015,Jan,5,01 - Clear,01 - Daylight,01 - Dry,01 - Traffic signal,03 - P.D. only,03 - Rear end
0,Evening,0,0,15-291,PRINCE OF WALES DR @ WEST HUNT CLUB RD,-75.70055868,45.33415212,2015,Jan,5,01 - Clear,07 - Dark,05 - Packed snow,01 - Traffic signal,03 - P.D. only,03 - Rear end
0,Morning,0,0,15-1816,PRINCE OF WALES DR @ WEST HUNT CLUB RD,-75.70057073,45.33416956,2015,Feb,2,03 - Snow,01 - Daylight,06 - Ice,01 - Traffic signal,03 - P.D. only,03 - Rear end
0,Evening,0,0,15-2515,PRINCE OF WALES DR @ WEST HUNT CLUB RD,-75.70054614,45.33416938,2015,Feb,13,01 - Clear,07 - Dark,01 - Dry,01 - Traffic signal,03 - P.D. only,04 - Sideswipe
0,Morning,1,0,15-2579,PRINCE OF WALES DR @ WEST HUNT CLUB RD,-75.70055856,45.3341608,2015,Feb,14,03 - Snow,01 - Daylight,03 - Loose snow,01 - Traffic signal,03 - P.D. only,03 - Rear end
0,Morning,0,0,15-2807,PRINCE OF WALES DR @ WEST HUNT CLUB RD,-75.70055843,45.33416947,2015,Feb,19,01 - Clear,01 - Daylight,01 - Dry,01 - Traffic signal,02 - Non-fatal injury,03 - Rear end
0,Morning,0,0,15-3115,PRINCE OF WALES DR @ WEST HUNT CLUB RD,-75.70055856,45.3341608,2015,Feb,24,01 - Clear,01 - Daylight,01 - Dry,01 - Traffic signal,03 - P.D. only,03 - Rear end
0,Morning,0,0,15-3117,PRINCE OF WALES DR @ WEST HUNT CLUB RD,-75.70057073,45.33416956,2015,Feb,24,01 - Clear,01 - Daylight,01 - Dry,01 - Traffic signal,03 - P.D. only,03 - Rear end
0,Morning,1,0,15-3344,PRINCE OF WALES DR @ WEST HUNT CLUB RD,-75.70057085,45.33416088,2015,Feb,28,01 - Clear,01 - Daylight,01 - Dry,01 - Traffic signal,03 - P.D. only,03 - Rear end
0,Morning,1,0,15-5030,PRINCE OF WALES DR @ WEST HUNT CLUB RD,-75.70057061,45.33417823,2015,Apr,26,01 - Clear,01 - Daylight,01 - Dry,01 - Traffic signal,03 - P.D. only,04 - Sideswipe
0,Morning,0,0,15-5267,PRINCE OF WALES DR @ WEST HUNT CLUB RD,-75.70057982,45.3341772,2015,May,4,01 - Clear,01 - Daylight,01 - Dry,01 - Traffic signal,03 - P.D. only,03 - Rear end
0,Night,0,0,15-6013,PRINCE OF WALES DR @ WEST HUNT CLUB RD,-75.70057991,45.33417071,2015,May,26,01 - Clear,07 - Dark,01 - Dry,01 - Traffic signal,03 - P.D. only,03 - Rear end
0,Afternoon,0,0,15-6075,PRINCE OF WALES DR @ WEST HUNT CLUB RD,-75.70058364,45.3341717,2015,May,28,01 - Clear,01 - Daylight,01 - Dry,01 - Traffic signal,03 - P.D. only,03 - Rear end
0,Afternoon,0,0,15-6124,PRINCE OF WALES DR @ WEST HUNT CLUB RD,-75.70056161,45.3341641,2015,May,29,01 - Clear,01 - Daylight,02 - Wet,01 - Traffic signal,03 - P.D. only,03 - Rear end
0,Evening,0,0,15-6602,PRINCE OF WALES DR @ WEST HUNT CLUB RD,-75.70057072,45.33417065,2015,Jun,12,02 - Rain,01 - Daylight,02 - Wet,01 - Traffic signal,03 - P.D. only,03 - Rear end
0,Evening,0,0,15-6958,PRINCE OF WALES DR @ WEST HUNT CLUB RD,-75.70056161,45.3341641,2015,Jun,22,01 - Clear,07 - Dark,01 - Dry,01 - Traffic signal,03 - P.D. only,02 - Angle
0,Evening,0,0,15-8122,PRINCE OF WALES DR @ WEST HUNT CLUB RD,-75.70058009,45.33415774,2015,Jul,24,01 - Clear,05 - Dusk,01 - Dry,01 - Traffic signal,03 - P.D. only,04 - Sideswipe
0,Evening,1,0,15-8505,PRINCE OF WALES DR @ WEST HUNT CLUB RD,-75.70056161,45.3341641,2015,Aug,9,01 - Clear,01 - Daylight,01 - Dry,01 - Traffic signal,03 - P.D. only,03 - Rear end
0,Evening,0,0,15-8529,PRINCE OF WALES DR @ WEST HUNT CLUB RD,-75.70056161,45.3341641,2015,Aug,10,01 - Clear,01 - Daylight,01 - Dry,01 - Traffic signal,03 - P.D. only,03 - Rear end
0,Afternoon,1,0,15-8714,PRINCE OF WALES DR @ WEST HUNT CLUB RD,-75.70057973,45.33418368,2015,Aug,15,01 - Clear,01 - Daylight,01 - Dry,01 - Traffic signal,03 - P.D. only,03 - Rear end
0,Evening,0,0,15-8803,PRINCE OF WALES DR @ WEST HUNT CLUB RD,-75.70057062,45.33417713,2015,Aug,18,01 - Clear,01 - Daylight,01 - Dry,01 - Traffic signal,03 - P.D. only,03 - Rear end
0,Afternoon,0,0,15-8865,PRINCE OF WALES DR @ WEST HUNT CLUB RD,-75.70055224,45.33417701,2015,Aug,20,01 - Clear,01 - Daylight,01 - Dry,01 - Traffic signal,03 - P.D. only,03 - Rear end
0,Afternoon,0,0,15-8868,PRINCE OF WALES DR @ WEST HUNT CLUB RD,-75.70057991,45.33417071,2015,Aug,20,01 - Clear,01 - Daylight,01 - Dry,01 - Traffic signal,03 - P.D. only,03 - Rear end
0,Evening,1,0,15-8953,PRINCE OF WALES DR @ WEST HUNT CLUB RD,-75.70057298,45.3341731,2015,Aug,23,01 - Clear,07 - Dark,01 - Dry,01 - Traffic signal,02 - Non-fatal injury,05 - Turning movement
0,Morning,0,0,15-8957,PRINCE OF WALES DR @ WEST HUNT CLUB RD,-75.70058357,45.33417626,2015,Aug,24,01 - Clear,01 - Daylight,01 - Dry,01 - Traffic signal,03 - P.D. only,03 - Rear end
0,Afternoon,0,0,15-8980,PRINCE OF WALES DR @ WEST HUNT CLUB RD,-75.70057991,45.33417071,2015,Aug,24,01 - Clear,01 - Daylight,01 - Dry,01 - Traffic signal,03 - P.D. only,03 - Rear end
0,Evening,0,0,15-10485,PRINCE OF WALES DR @ WEST HUNT CLUB RD,-75.70057081,45.33416416,2015,Oct,8,01 - Clear,07 - Dark,01 - Dry,01 - Traffic signal,03 - P.D. only,04 - Sideswipe
0,Night,0,0,15-10995,PRINCE OF WALES DR @ WEST HUNT CLUB RD,-75.70057076,45.33417469,2015,Oct,22,01 - Clear,07 - Dark,01 - Dry,01 - Traffic signal,02 - Non-fatal injury,03 - Rear end
0,Evening,0,0,15-11119,PRINCE OF WALES DR @ WEST HUNT CLUB RD,-75.70057072,45.33417065,2015,Oct,26,01 - Clear,01 - Daylight,01 - Dry,01 - Traffic signal,03 - P.D. only,03 - Rear end
0,Afternoon,0,0,15-11265,PRINCE OF WALES DR @ WEST HUNT CLUB RD,-75.70058892,45.33418375,2015,Oct,30,01 - Clear,01 - Daylight,01 - Dry,01 - Traffic signal,03 - P.D. only,03 - Rear end
0,Evening,0,0,15-11525,PRINCE OF WALES DR @ WEST HUNT CLUB RD,-75.70057072,45.33417065,2015,Nov,6,01 - Clear,07 - Dark,01 - Dry,01 - Traffic signal,03 - P.D. only,04 - Sideswipe
0,Afternoon,1,0,15-12390,PRINCE OF WALES DR @ WEST HUNT CLUB RD,-75.70057067,45.33417389,2015,Nov,29,01 - Clear,01 - Daylight,01 - Dry,01 - Traffic signal,03 - P.D. only,04 - Sideswipe
0,Afternoon,0,0,15-12677,PRINCE OF WALES DR @ WEST HUNT CLUB RD,-75.70056146,45.33417383,2015,Dec,8,01 - Clear,01 - Daylight,01 - Dry,01 - Traffic signal,03 - P.D. only,03 - Rear end
0,Morning,0,0,15-12936,PRINCE OF WALES DR @ WEST HUNT CLUB RD,-75.70055234,45.33416727,2015,Dec,15,01 - Clear,01 - Daylight,02 - Wet,01 - Traffic signal,03 - P.D. only,03 - Rear end
0,Evening,0,0,15-13010,PRINCE OF WALES DR @ WEST HUNT CLUB RD,-75.70057067,45.33417389,2015,Dec,16,01 - Clear,07 - Dark,01 - Dry,01 - Traffic signal,03 - P.D. only,04 - Sideswipe
0,Morning,0,0,16-135,PRINCE OF WALES DR @ WEST HUNT CLUB RD,-75.70058536,45.33418025,2016,Jan,5,01 - Clear,01 - Daylight,01 - Dry,01 - Traffic signal,03 - P.D. only,03 - Rear end
0,Evening,0,0,16-833,PRINCE OF WALES DR @ WEST HUNT CLUB RD,-75.7005735,45.33417194,2016,Jan,20,01 - Clear,07 - Dark,01 - Dry,01 - Traffic signal,03 - P.D. only,03 - Rear end
0,Morning,1,0,16-1408,PRINCE OF WALES DR @ WEST HUNT CLUB RD,-75.7005791,45.33417198,2016,Feb,7,01 - Clear,01 - Daylight,01 - Dry,01 - Traffic signal,03 - P.D. only,03 - Rear end
0,Morning,0,0,16-2081,PRINCE OF WALES DR @ WEST HUNT CLUB RD,-75.70057899,45.33417988,2016,Feb,19,01 - Clear,01 - Daylight,01 - Dry,01 - Traffic signal,03 - P.D. only,03 - Rear end
0,Morning,0,0,16-2084,PRINCE OF WALES DR @ WEST HUNT CLUB RD,-75.70055637,45.33418378,2016,Feb,19,01 - Clear,01 - Daylight,01 - Dry,01 - Traffic signal,03 - P.D. only,03 - Rear end
0,Morning,1,0,16-2127,PRINCE OF WALES DR @ WEST HUNT CLUB RD,-75.70056795,45.33416795,2016,Feb,20,02 - Rain,03 - Dawn,04 - Slush,01 - Traffic signal,02 - Non-fatal injury,02 - Angle
0,Morning,0,0,16-2438,PRINCE OF WALES DR @ WEST HUNT CLUB RD,-75.70057072,45.33417017,2016,Feb,19,01 - Clear,01 - Daylight,01 - Dry,01 - Traffic signal,03 - P.D. only,03 - Rear end
0,Night,0,0,16-2496,PRINCE OF WALES DR @ WEST HUNT CLUB RD,-75.70057319,45.33417296,2016,Feb,29,02 - Rain,07 - Dark,02 - Wet,01 - Traffic signal,02 - Non-fatal injury,07 - SMV other
0,Afternoon,0,0,16-2512,PRINCE OF WALES DR @ WEST HUNT CLUB RD,-75.70055748,45.33417367,2016,Feb,29,01 - Clear,01 - Daylight,02 - Wet,01 - Traffic signal,03 - P.D. only,03 - Rear end
0,Morning,0,0,16-2571,PRINCE OF WALES DR @ WEST HUNT CLUB RD,-75.70058548,45.33417191,2016,Mar,2,03 - Snow,01 - Daylight,03 - Loose snow,01 - Traffic signal,03 - P.D. only,03 - Rear end
0,Afternoon,0,0,16-3082,PRINCE OF WALES DR @ WEST HUNT CLUB RD,-75.70056737,45.33416668,2016,Mar,18,01 - Clear,01 - Daylight,01 - Dry,01 - Traffic signal,03 - P.D. only,03 - Rear end
0,Morning,0,0,16-3148,PRINCE OF WALES DR @ WEST HUNT CLUB RD,-75.70056724,45.33417626,2016,Mar,21,01 - Clear,01 - Daylight,01 - Dry,01 - Traffic signal,03 - P.D. only,03 - Rear end
0,Evening,0,0,16-3266,PRINCE OF WALES DR @ WEST HUNT CLUB RD,-75.7005791,45.33418403,2016,Mar,24,04 - Freezing Rain,07 - Dark,05 - Packed snow,01 - Traffic signal,03 - P.D. only,02 - Angle
0,Morning,0,0,16-3523,PRINCE OF WALES DR @ WEST HUNT CLUB RD,-75.70057403,45.33417631,2016,Apr,5,01 - Clear,01 - Daylight,01 - Dry,01 - Traffic signal,03 - P.D. only,03 - Rear end
0,Morning,0,0,16-3852,PRINCE OF WALES DR @ WEST HUNT CLUB RD,-75.7005809,45.33417157,2016,Apr,14,01 - Clear,01 - Daylight,01 - Dry,01 - Traffic signal,02 - Non-fatal injury,03 - Rear end
0,Evening,0,0,16-5033,PRINCE OF WALES DR @ WEST HUNT CLUB RD,-75.70055617,45.33417379,2016,May,24,01 - Clear,01 - Daylight,01 - Dry,01 - Traffic signal,03 - P.D. only,03 - Rear end
0,Evening,1,0,16-5192,PRINCE OF WALES DR @ WEST HUNT CLUB RD,-75.70057921,45.33418004,2016,May,28,01 - Clear,01 - Daylight,01 - Dry,01 - Traffic signal,03 - P.D. only,03 - Rear end
0,Afternoon,0,0,16-5277,PRINCE OF WALES DR @ WEST HUNT CLUB RD,-75.70057355,45.33416799,2016,May,31,01 - Clear,01 - Daylight,01 - Dry,01 - Traffic signal,03 - P.D. only,03 - Rear end
0,Evening,1,0,16-5427,PRINCE OF WALES DR @ WEST HUNT CLUB RD,-75.70056559,45.33418089,2016,Jun,4,01 - Clear,01 - Daylight,01 - Dry,01 - Traffic signal,03 - P.D. only,03 - Rear end
0,Afternoon,0,0,16-6030,PRINCE OF WALES DR @ WEST HUNT CLUB RD,-75.70057346,45.33418,2016,Jun,23,01 - Clear,01 - Daylight,01 - Dry,01 - Traffic signal,03 - P.D. only,03 - Rear end
0,Evening,0,0,16-6246,PRINCE OF WALES DR @ WEST HUNT CLUB RD,-75.70057352,45.33417594,2016,Jun,29,01 - Clear,01 - Daylight,01 - Dry,01 - Traffic signal,03 - P.D. only,04 - Sideswipe
0,Evening,0,0,16-7137,PRINCE OF WALES DR @ WEST HUNT CLUB RD,-75.70057345,45.33418209,2016,Jul,29,01 - Clear,01 - Daylight,01 - Dry,01 - Traffic signal,03 - P.D. only,03 - Rear end
0,Morning,0,0,16-7646,PRINCE OF WALES DR @ WEST HUNT CLUB RD,-75.70057937,45.33417395,2016,Aug,17,01 - Clear,01 - Daylight,01 - Dry,01 - Traffic signal,03 - P.D. only,03 - Rear end
0,Afternoon,0,0,16-8786,PRINCE OF WALES DR @ WEST HUNT CLUB RD,-75.70057916,45.33416802,2016,Sep,23,02 - Rain,01 - Daylight,02 - Wet,01 - Traffic signal,03 - P.D. only,04 - Sideswipe
0,Evening,0,0,16-9226,PRINCE OF WALES DR @ WEST HUNT CLUB RD,-75.70059196,45.33416286,2016,Oct,7,01 - Clear,07 - Dark,01 - Dry,01 - Traffic signal,03 - P.D. only,03 - Rear end
0,Afternoon,1,0,16-9435,PRINCE OF WALES DR @ WEST HUNT CLUB RD,-75.70058118,45.33417769,2016,Oct,15,02 - Rain,01 - Daylight,02 - Wet,01 - Traffic signal,03 - P.D. only,03 - Rear end
0,Night,1,0,16-9449,PRINCE OF WALES DR @ WEST HUNT CLUB RD,-75.70057072,45.33417017,2016,Oct,16,01 - Clear,07 - Dark,01 - Dry,01 - Traffic signal,02 - Non-fatal injury,03 - Rear end
0,Night,0,0,16-10135,PRINCE OF WALES DR @ WEST HUNT CLUB RD,-75.7005847,45.33417201,2016,Nov,3,02 - Rain,07 - Dark,02 - Wet,01 - Traffic signal,03 - P.D. only,04 - Sideswipe
0,Evening,1,0,16-10206,PRINCE OF WALES DR @ WEST HUNT CLUB RD,-75.70053897,45.33417367,2016,Nov,5,01 - Clear,07 - Dark,01 - Dry,01 - Traffic signal,02 - Non-fatal injury,03 - Rear end
0,Afternoon,0,0,16-10415,PRINCE OF WALES DR @ WEST HUNT CLUB RD,-75.70057062,45.33417762,2016,Nov,11,01 - Clear,05 - Dusk,01 - Dry,01 - Traffic signal,03 - P.D. only,03 - Rear end
0,Evening,0,0,16-10523,PRINCE OF WALES DR @ WEST HUNT CLUB RD,-75.70057093,45.33415526,2016,Nov,15,01 - Clear,07 - Dark,01 - Dry,01 - Traffic signal,02 - Non-fatal injury,03 - Rear end
0,Afternoon,0,0,16-10554,PRINCE OF WALES DR @ WEST HUNT CLUB RD,-75.70059196,45.33416286,2016,Nov,16,01 - Clear,01 - Daylight,01 - Dry,01 - Traffic signal,02 - Non-fatal injury,03 - Rear end
0,Evening,0,0,16-10570,PRINCE OF WALES DR @ WEST HUNT CLUB RD,-75.70056005,45.33417754,2016,Nov,16,01 - Clear,07 - Dark,01 - Dry,01 - Traffic signal,03 - P.D. only,03 - Rear end