NO_OF_PEDESTRIANS,TIME (hh),DAY,RED_LIGHT_CAMERA,COLLISION_ID,LOCATION,LONGITUDE,LATITUDE,Year,MONTH,Date,ENVIRONMENT,LIGHT,SURFACE_CONDITION,TRAFFIC_CONTROL,COLLISION_CLASSIFICATION,IMPACT_TYPE
0,Morning,0,0,16-11288,PRINCE OF WALES DR @ WEST HUNT CLUB RD,-75.70056026,45.33416264,2016,Dec,5,03 - Snow,03 - Dawn,06 - Ice,01 - Traffic signal,03 - P.D. only,03 - Rear end
0,Evening,0,0,16-11744,PRINCE OF WALES DR @ WEST HUNT CLUB RD,-75.70060231,45.33417784,2016,Dec,13,03 - Snow,07 - Dark,02 - Wet,01 - Traffic signal,03 - P.D. only,03 - Rear end
0,Morning,0,0,16-12196,PRINCE OF WALES DR @ WEST HUNT CLUB RD,-75.70056005,45.33417754,2016,Dec,22,03 - Snow,01 - Daylight,04 - Slush,01 - Traffic signal,03 - P.D. only,03 - Rear end
0,Evening,1,0,17-529,PRINCE OF WALES DR @ WEST HUNT CLUB RD,-75.70055246,45.33418015,2017,Jan,14,01 - Clear,07 - Dark,01 - Dry,01 - Traffic signal,03 - P.D. only,03 - Rear end
0,Afternoon,1,0,17-747,PRINCE OF WALES DR @ WEST HUNT CLUB RD,-75.70057778,45.33416411,2017,Jan,21,01 - Clear,01 - Daylight,02 - Wet,01 - Traffic signal,03 - P.D. only,03 - Rear end
0,Evening,0,0,17-1996,PRINCE OF WALES DR @ WEST HUNT CLUB RD,-75.70057502,45.3341679,2017,Feb,20,01 - Clear,07 - Dark,01 - Dry,01 - Traffic signal,03 - P.D. only,04 - Sideswipe
0,Morning,0,0,17-2518,PRINCE OF WALES DR @ WEST HUNT CLUB RD,-75.70056632,45.33417988,2017,Mar,9,01 - Clear,01 - Daylight,01 - Dry,01 - Traffic signal,03 - P.D. only,04 - Sideswipe
0,Morning,0,0,17-2534,PRINCE OF WALES DR @ WEST HUNT CLUB RD,-75.7005664,45.33417386,2017,Mar,9,01 - Clear,01 - Daylight,01 - Dry,01 - Traffic signal,02 - Non-fatal injury,03 - Rear end
0,Evening,0,0,17-2679,PRINCE OF WALES DR @ WEST HUNT CLUB RD,-75.70057081,45.33416376,2017,Mar,14,03 - Snow,05 - Dusk,03 - Loose snow,01 - Traffic signal,03 - P.D. only,03 - Rear end
0,Afternoon,1,0,17-3501,PRINCE OF WALES DR @ WEST HUNT CLUB RD,-75.70055804,45.33416177,2017,Apr,8,02 - Rain,01 - Daylight,02 - Wet,01 - Traffic signal,03 - P.D. only,03 - Rear end
0,Night,0,0,17-3574,PRINCE OF WALES DR @ WEST HUNT CLUB RD,-75.70056623,45.3341859,2017,Apr,11,01 - Clear,07 - Dark,01 - Dry,01 - Traffic signal,03 - P.D. only,02 - Angle
0,Morning,0,0,17-4228,PRINCE OF WALES DR @ WEST HUNT CLUB RD,-75.70055787,45.3341738,2017,May,5,02 - Rain,01 - Daylight,02 - Wet,01 - Traffic signal,02 - Non-fatal injury,03 - Rear end
0,Evening,0,0,17-4973,PRINCE OF WALES DR @ WEST HUNT CLUB RD,-75.7005664,45.33417386,2017,May,29,01 - Clear,01 - Daylight,01 - Dry,01 - Traffic signal,02 - Non-fatal injury,03 - Rear end
0,Evening,0,0,17-5224,PRINCE OF WALES DR @ WEST HUNT CLUB RD,-75.70055796,45.33416778,2017,Jun,6,02 - Rain,01 - Daylight,02 - Wet,01 - Traffic signal,03 - P.D. only,07 - SMV other
0,Afternoon,0,0,17-5302,PRINCE OF WALES DR @ WEST HUNT CLUB RD,-75.70056502,45.3341736,2017,Jun,8,01 - Clear,01 - Daylight,01 - Dry,01 - Traffic signal,03 - P.D. only,04 - Sideswipe
0,Afternoon,0,0,17-6213,PRINCE OF WALES DR @ WEST HUNT CLUB RD,-75.70057067,45.33417389,2017,Jul,7,02 - Rain,01 - Daylight,02 - Wet,01 - Traffic signal,03 - P.D. only,04 - Sideswipe
0,Evening,0,0,17-6444,PRINCE OF WALES DR @ WEST HUNT CLUB RD,-75.70058617,45.33417674,2017,Jul,17,01 - Clear,01 - Daylight,01 - Dry,01 - Traffic signal,03 - P.D. only,03 - Rear end
0,Afternoon,1,0,17-7345,PRINCE OF WALES DR @ WEST HUNT CLUB RD,-75.70057078,45.3341741,2017,Aug,19,01 - Clear,01 - Daylight,01 - Dry,01 - Traffic signal,02 - Non-fatal injury,03 - Rear end
0,Afternoon,0,0,17-7885,PRINCE OF WALES DR @ WEST HUNT CLUB RD,-75.700565,45.33417184,2017,Sep,6,01 - Clear,01 - Daylight,01 - Dry,01 - Traffic signal,03 - P.D. only,03 - Rear end
0,Morning,0,0,17-9062,PRINCE OF WALES DR @ WEST HUNT CLUB RD,-75.70054969,45.33417866,2017,Oct,11,01 - Clear,01 - Daylight,01 - Dry,01 - Traffic signal,03 - P.D. only,03 - Rear end
0,Afternoon,0,0,17-9278,PRINCE OF WALES DR @ WEST HUNT CLUB RD,-75.70057064,45.33417633,2017,Oct,18,01 - Clear,01 - Daylight,01 - Dry,01 - Traffic signal,03 - P.D. only,03 - Rear end
0,Evening,1,0,17-9401,PRINCE OF WALES DR @ WEST HUNT CLUB RD,-75.70057674,45.3341718,2017,Oct,21,01 - Clear,05 - Dusk,01 - Dry,01 - Traffic signal,03 - P.D. only,03 - Rear end
0,Morning,0,0,17-9471,PRINCE OF WALES DR @ WEST HUNT CLUB RD,-75.70057058,45.33418028,2017,Oct,24,02 - Rain,01 - Daylight,02 - Wet,01 - Traffic signal,03 - P.D. only,04 - Sideswipe
0,Night,0,0,17-9772,PRINCE OF WALES DR @ WEST HUNT CLUB RD,-75.70057477,45.33418596,2017,Nov,1,01 - Clear,07 - Dark,01 - Dry,01 - Traffic signal,03 - P.D. only,02 - Angle
0,Afternoon,1,0,17-10783,PRINCE OF WALES DR @ WEST HUNT CLUB RD,-75.70055804,45.33416177,2017,Nov,26,01 - Clear,01 - Daylight,01 - Dry,01 - Traffic signal,03 - P.D. only,03 - Rear end
0,Afternoon,0,0,17-10969,PRINCE OF WALES DR @ WEST HUNT CLUB RD,-75.70057052,45.33418464,2017,Nov,29,01 - Clear,01 - Daylight,02 - Wet,01 - Traffic signal,03 - P.D. only,03 - Rear end
0,Morning,0,0,17-11225,PRINCE OF WALES DR @ WEST HUNT CLUB RD,-75.70055796,45.33416778,2017,Dec,6,01 - Clear,01 - Daylight,01 - Dry,01 - Traffic signal,03 - P.D. only,03 - Rear end
0,Afternoon,0,0,17-11703,PRINCE OF WALES DR @ WEST HUNT CLUB RD,-75.70058338,45.33418,2017,Dec,14,01 - Clear,05 - Dusk,02 - Wet,01 - Traffic signal,03 - P.D. only,04 - Sideswipe
0,Evening,0,0,17-11779,PRINCE OF WALES DR @ WEST HUNT CLUB RD,-75.70057067,45.3341739,2017,Dec,15,03 - Snow,07 - Dark,03 - Loose snow,01 - Traffic signal,03 - P.D. only,03 - Rear end
0,Evening,0,0,17-12039,PRINCE OF WALES DR @ WEST HUNT CLUB RD,-75.70057662,45.33418468,2017,Dec,20,01 - Clear,07 - Dark,01 - Dry,01 - Traffic signal,03 - P.D. only,03 - Rear end
0,Evening,0,0,13-74,BASELINE RD @ WOODROFFE AVE,-75.76295344,45.35158588,2013,Jan,2,01 - Clear,07 - Dark,01 - Dry,01 - Traffic signal,03 - P.D. only,02 - Angle
0,Morning,1,0,13-2420,BASELINE RD @ WOODROFFE AVE,-75.76297715,45.35152772,2013,Feb,23,"07 - Fog, mist, smoke, dust",01 - Daylight,02 - Wet,01 - Traffic signal,02 - Non-fatal injury,03 - Rear end
0,Evening,0,0,13-2665,BASELINE RD @ WOODROFFE AVE,-75.76288511,45.35154535,2013,Feb,28,03 - Snow,07 - Dark,02 - Wet,01 - Traffic signal,03 - P.D. only,03 - Rear end
0,Morning,0,0,13-2783,BASELINE RD @ WOODROFFE AVE,-75.76296586,45.35151307,2013,Mar,4,01 - Clear,01 - Daylight,01 - Dry,01 - Traffic signal,03 - P.D. only,03 - Rear end
0,Afternoon,0,0,13-3025,BASELINE RD @ WOODROFFE AVE,-75.76301177,45.35151337,2013,Mar,11,01 - Clear,01 - Daylight,01 - Dry,01 - Traffic signal,03 - P.D. only,03 - Rear end
0,Morning,0,0,13-3220,BASELINE RD @ WOODROFFE AVE,-75.76296567,45.35152765,2013,Mar,18,01 - Clear,03 - Dawn,01 - Dry,01 - Traffic signal,03 - P.D. only,03 - Rear end
0,Evening,0,0,13-3476,BASELINE RD @ WOODROFFE AVE,-75.7629541,45.35153486,2013,Mar,22,01 - Clear,07 - Dark,01 - Dry,01 - Traffic signal,02 - Non-fatal injury,03 - Rear end
0,Morning,1,0,13-4092,BASELINE RD @ WOODROFFE AVE,-75.76298863,45.3515278,2013,Apr,14,01 - Clear,01 - Daylight,01 - Dry,01 - Traffic signal,03 - P.D. only,03 - Rear end
0,Afternoon,1,0,13-4273,BASELINE RD @ WOODROFFE AVE,-75.76288515,45.35154171,2013,Apr,21,01 - Clear,01 - Daylight,01 - Dry,01 - Traffic signal,03 - P.D. only,03 - Rear end
0,Afternoon,0,0,13-4645,BASELINE RD @ WOODROFFE AVE,-75.76298872,45.35152051,2013,Mar,4,01 - Clear,01 - Daylight,01 - Dry,01 - Traffic signal,03 - P.D. only,03 - Rear end
0,Morning,0,0,13-4799,BASELINE RD @ WOODROFFE AVE,-75.76283859,45.35159242,2013,May,9,01 - Clear,01 - Daylight,01 - Dry,01 - Traffic signal,03 - P.D. only,03 - Rear end
0,Afternoon,0,0,13-4802,BASELINE RD @ WOODROFFE AVE,-75.76303434,45.35154267,2013,May,9,01 - Clear,01 - Daylight,01 - Dry,01 - Traffic signal,03 - P.D. only,04 - Sideswipe
0,Morning,0,0,13-5824,BASELINE RD @ WOODROFFE AVE,-75.76300048,45.35149872,2013,Jun,7,02 - Rain,01 - Daylight,02 - Wet,01 - Traffic signal,03 - P.D. only,03 - Rear end
0,Afternoon,0,0,13-6387,BASELINE RD @ WOODROFFE AVE,-75.76297724,45.35152044,2013,Jun,24,01 - Clear,01 - Daylight,01 - Dry,01 - Traffic signal,03 - P.D. only,03 - Rear end
0,Evening,0,0,13-6515,BASELINE RD @ WOODROFFE AVE,-75.76296548,45.35154222,2013,Jun,14,01 - Clear,01 - Daylight,01 - Dry,01 - Traffic signal,03 - P.D. only,03 - Rear end
0,Afternoon,0,0,13-7992,BASELINE RD @ WOODROFFE AVE,-75.76302324,45.35151344,2013,Aug,13,02 - Rain,01 - Daylight,02 - Wet,01 - Traffic signal,03 - P.D. only,03 - Rear end
0,Morning,0,0,13-9145,BASELINE RD @ WOODROFFE AVE,-75.76294272,45.3515275,2013,Sep,18,01 - Clear,01 - Daylight,01 - Dry,01 - Traffic signal,03 - P.D. only,03 - Rear end
0,Morning,0,0,13-9152,BASELINE RD @ WOODROFFE AVE,-75.76302249,45.35157174,2013,Sep,18,01 - Clear,01 - Daylight,01 - Dry,01 - Traffic signal,03 - P.D. only,05 - Turning movement
0,Afternoon,0,0,13-10668,BASELINE RD @ WOODROFFE AVE,-75.76298834,45.35154966,2013,Oct,29,01 - Clear,01 - Daylight,01 - Dry,01 - Traffic signal,03 - P.D. only,04 - Sideswipe
0,Morning,0,0,13-10821,BASELINE RD @ WOODROFFE AVE,-75.76298872,45.35152051,2013,Nov,1,01 - Clear,01 - Daylight,01 - Dry,01 - Traffic signal,03 - P.D. only,03 - Rear end
0,Morning,0,0,13-10947,BASELINE RD @ WOODROFFE AVE,-75.76294301,45.35150564,2013,Nov,5,01 - Clear,01 - Daylight,01 - Dry,01 - Traffic signal,03 - P.D. only,05 - Turning movement
0,Evening,0,0,13-11417,BASELINE RD @ WOODROFFE AVE,-75.76298872,45.35152051,2013,Nov,18,01 - Clear,07 - Dark,02 - Wet,01 - Traffic signal,03 - P.D. only,03 - Rear end
0,Afternoon,0,0,13-11492,BASELINE RD @ WOODROFFE AVE,-75.76297748,45.35150222,2013,Nov,20,01 - Clear,01 - Daylight,01 - Dry,01 - Traffic signal,03 - P.D. only,03 - Rear end
0,Afternoon,0,0,13-12319,BASELINE RD @ WOODROFFE AVE,-75.76298844,45.35154237,2013,Dec,5,01 - Clear,05 - Dusk,02 - Wet,01 - Traffic signal,03 - P.D. only,04 - Sideswipe
0,Evening,0,0,14-69,BASELINE RD @ WOODROFFE AVE,-75.76297086,45.35151357,2014,Jan,2,01 - Clear,07 - Dark,02 - Wet,01 - Traffic signal,03 - P.D. only,03 - Rear end
0,Morning,1,0,14-190,BASELINE RD @ WOODROFFE AVE,-75.76297098,45.35150445,2014,Jan,4,01 - Clear,01 - Daylight,02 - Wet,01 - Traffic signal,03 - P.D. only,03 - Rear end
0,Morning,0,0,14-1240,BASELINE RD @ WOODROFFE AVE,-75.76298392,45.35150454,2014,Jan,27,03 - Snow,01 - Daylight,03 - Loose snow,01 - Traffic signal,03 - P.D. only,02 - Angle
0,Morning,0,0,14-2006,BASELINE RD @ WOODROFFE AVE,-75.76298995,45.35148928,2014,Feb,12,01 - Clear,01 - Daylight,01 - Dry,01 - Traffic signal,02 - Non-fatal injury,03 - Rear end
0,Afternoon,0,0,14-2160,BASELINE RD @ WOODROFFE AVE,-75.76300805,45.35147682,2014,Feb,12,01 - Clear,01 - Daylight,01 - Dry,01 - Traffic signal,03 - P.D. only,03 - Rear end
0,Evening,0,0,14-2199,BASELINE RD @ WOODROFFE AVE,-75.76298364,45.35149372,2014,Feb,10,01 - Clear,07 - Dark,01 - Dry,01 - Traffic signal,03 - P.D. only,04 - Sideswipe
0,Morning,0,0,14-3107,BASELINE RD @ WOODROFFE AVE,-75.76298331,45.35151931,2014,Mar,12,01 - Clear,01 - Daylight,01 - Dry,01 - Traffic signal,02 - Non-fatal injury,03 - Rear end
0,Afternoon,0,0,14-3186,BASELINE RD @ WOODROFFE AVE,-75.76297154,45.35149364,2014,Mar,13,01 - Clear,01 - Daylight,02 - Wet,01 - Traffic signal,03 - P.D. only,03 - Rear end
0,Evening,0,0,14-3438,BASELINE RD @ WOODROFFE AVE,-75.76297143,45.35150217,2014,Mar,21,01 - Clear,07 - Dark,01 - Dry,01 - Traffic signal,03 - P.D. only,03 - Rear end
0,Afternoon,0,0,14-3586,BASELINE RD @ WOODROFFE AVE,-75.76298331,45.35151931,2014,Mar,26,01 - Clear,01 - Daylight,01 - Dry,01 - Traffic signal,03 - P.D. only,03 - Rear end
0,Evening,0,0,14-3667,BASELINE RD @ WOODROFFE AVE,-75.76295912,45.35151915,2014,Mar,28,02 - Rain,05 - Dusk,02 - Wet,01 - Traffic signal,03 - P.D. only,03 - Rear end
0,Morning,1,0,14-3921,BASELINE RD @ WOODROFFE AVE,-75.76295923,45.35151062,2014,Apr,6,01 - Clear,01 - Daylight,01 - Dry,01 - Traffic signal,03 - P.D. only,02 - Angle
0,Night,0,0,14-4083,BASELINE RD @ WOODROFFE AVE,-75.76298364,45.35149372,2014,Apr,11,01 - Clear,00 - Unknown,01 - Dry,01 - Traffic signal,03 - P.D. only,04 - Sideswipe
0,Afternoon,1,0,14-4122,BASELINE RD @ WOODROFFE AVE,-75.76297177,45.35147659,2014,Apr,12,01 - Clear,01 - Daylight,01 - Dry,01 - Traffic signal,03 - P.D. only,04 - Sideswipe
0,Morning,0,0,14-4631,BASELINE RD @ WOODROFFE AVE,-75.76294702,45.35151907,2014,May,1,02 - Rain,01 - Daylight,02 - Wet,01 - Traffic signal,03 - P.D. only,04 - Sideswipe
0,Morning,0,0,14-4859,BASELINE RD @ WOODROFFE AVE,-75.76298375,45.35148519,2014,May,9,01 - Clear,01 - Daylight,01 - Dry,01 - Traffic signal,03 - P.D. only,03 - Rear end
0,Morning,0,0,14-5264,BASELINE RD @ WOODROFFE AVE,-75.76294724,45.35150202,2014,May,22,01 - Clear,01 - Daylight,01 - Dry,01 - Traffic signal,03 - P.D. only,03 - Rear end
0,Afternoon,0,0,14-5898,BASELINE RD @ WOODROFFE AVE,-75.76297283,45.35151071,2014,Jun,9,01 - Clear,01 - Daylight,01 - Dry,01 - Traffic signal,03 - P.D. only,02 - Angle
0,Afternoon,0,0,14-6680,BASELINE RD @ WOODROFFE AVE,-75.76295945,45.35149357,2014,Jul,2,01 - Clear,01 - Daylight,01 - Dry,01 - Traffic signal,02 - Non-fatal injury,03 - Rear end
0,Morning,0,0,14-7046,BASELINE RD @ WOODROFFE AVE,-75.76297745,45.35150449,2014,Jul,14,01 - Clear,01 - Daylight,01 - Dry,01 - Traffic signal,03 - P.D. only,04 - Sideswipe
0,Morning,1,0,14-7243,BASELINE RD @ WOODROFFE AVE,-75.76297733,45.35151362,2014,Jul,20,01 - Clear,01 - Daylight,01 - Dry,01 - Traffic signal,03 - P.D. only,03 - Rear end
0,Afternoon,0,0,14-7558,BASELINE RD @ WOODROFFE AVE,-75.76297121,45.35151923,2014,Jul,29,01 - Clear,01 - Daylight,01 - Dry,01 - Traffic signal,03 - P.D. only,03 - Rear end
0,Evening,0,0,14-7657,BASELINE RD @ WOODROFFE AVE,-75.76295912,45.35151915,2014,Aug,1,01 - Clear,05 - Dusk,01 - Dry,01 - Traffic signal,03 - P.D. only,07 - SMV other
0,Afternoon,1,0,14-7680,BASELINE RD @ WOODROFFE AVE,-75.76295956,45.35148504,2014,Aug,2,01 - Clear,01 - Daylight,01 - Dry,01 - Traffic signal,03 - P.D. only,04 - Sideswipe
0,Afternoon,0,0,14-8011,BASELINE RD @ WOODROFFE AVE,-75.76298364,45.35149372,2014,Aug,13,02 - Rain,01 - Daylight,02 - Wet,01 - Traffic signal,03 - P.D. only,02 - Angle
0,Evening,0,0,14-8015,BASELINE RD @ WOODROFFE AVE,-75.76298375,45.35148519,2014,Aug,13,01 - Clear,01 - Daylight,01 - Dry,01 - Traffic signal,03 - P.D. only,03 - Rear end
0,Night,0,0,14-8233,BASELINE RD @ WOODROFFE AVE,-75.76297143,45.35150217,2014,Aug,19,01 - Clear,07 - Dark,01 - Dry,01 - Traffic signal,03 - P.D. only,03 - Rear end
0,Evening,0,0,14-8354,BASELINE RD @ WOODROFFE AVE,-75.76295923,45.35151062,2014,Aug,22,01 - Clear,01 - Daylight,01 - Dry,01 - Traffic signal,03 - P.D. only,03 - Rear end
0,Afternoon,0,0,14-8751,BASELINE RD @ WOODROFFE AVE,-75.76297154,45.35149364,2014,Sep,5,01 - Clear,01 - Daylight,01 - Dry,01 - Traffic signal,03 - P.D. only,03 - Rear end
0,Morning,0,0,14-8999,BASELINE RD @ WOODROFFE AVE,-75.76298364,45.35149372,2014,Sep,12,01 - Clear,01 - Daylight,01 - Dry,01 - Traffic signal,03 - P.D. only,03 - Rear end
0,Night,0,0,14-9107,BASELINE RD @ WOODROFFE AVE,-75.76298375,45.35148519,2014,Sep,15,02 - Rain,07 - Dark,02 - Wet,01 - Traffic signal,03 - P.D. only,04 - Sideswipe
0,Afternoon,0,0,14-9342,BASELINE RD @ WOODROFFE AVE,-75.76297154,45.35149364,2014,Sep,22,01 - Clear,01 - Daylight,01 - Dry,01 - Traffic signal,03 - P.D. only,03 - Rear end
0,Afternoon,0,0,14-9581,BASELINE RD @ WOODROFFE AVE,-75.76299551,45.35151086,2014,Sep,29,01 - Clear,01 - Daylight,01 - Dry,01 - Traffic signal,03 - P.D. only,03 - Rear end
0,Evening,0,0,14-9687,BASELINE RD @ WOODROFFE AVE,-75.76298966,45.35149802,2014,Oct,2,01 - Clear,07 - Dark,01 - Dry,01 - Traffic signal,03 - P.D. only,04 - Sideswipe
0,Afternoon,0,0,14-9722,BASELINE RD @ WOODROFFE AVE,-75.76298342,45.35151078,2014,Oct,3,01 - Clear,01 - Daylight,01 - Dry,01 - Traffic signal,03 - P.D. only,03 - Rear end
0,Afternoon,0,0,14-11170,BASELINE RD @ WOODROFFE AVE,-75.76298353,45.35150225,2014,Nov,11,01 - Clear,01 - Daylight,01 - Dry,01 - Traffic signal,03 - P.D. only,03 - Rear end
0,Afternoon,0,0,14-11551,BASELINE RD @ WOODROFFE AVE,-75.76297754,45.35149794,2014,Nov,20,01 - Clear,01 - Daylight,01 - Dry,01 - Traffic signal,03 - P.D. only,03 - Rear end
0,Morning,0,0,14-11601,BASELINE RD @ WOODROFFE AVE,-75.76297754,45.35149794,2014,Nov,21,01 - Clear,01 - Daylight,01 - Dry,01 - Traffic signal,03 - P.D. only,04 - Sideswipe
0,Morning,0,0,14-11841,BASELINE RD @ WOODROFFE AVE,-75.76296519,45.35151496,2014,Nov,28,01 - Clear,01 - Daylight,01 - Dry,01 - Traffic signal,03 - P.D. only,02 - Angle
0,Evening,0,0,14-12751,BASELINE RD @ WOODROFFE AVE,-75.7629653,45.35150641,2014,Dec,18,01 - Clear,07 - Dark,01 - Dry,01 - Traffic signal,03 - P.D. only,04 - Sideswipe
0,Evening,0,0,14-13028,BASELINE RD @ WOODROFFE AVE,-75.76296541,45.35149786,2014,Dec,24,01 - Clear,07 - Dark,01 - Dry,01 - Traffic signal,02 - Non-fatal injury,03 - Rear end
0,Night,1,0,15-514,BASELINE RD @ WOODROFFE AVE,-75.76298984,45.35149796,2015,Jan,11,01 - Clear,07 - Dark,02 - Wet,01 - Traffic signal,03 - P.D. only,03 - Rear end
0,Morning,0,0,15-1212,BASELINE RD @ WOODROFFE AVE,-75.76296501,45.35151514,2015,Jan,23,01 - Clear,01 - Daylight,01 - Dry,01 - Traffic signal,03 - P.D. only,03 - Rear end
0,Morning,0,0,15-1502,BASELINE RD @ WOODROFFE AVE,-75.76296535,45.35148912,2015,Jan,26,01 - Clear,01 - Daylight,01 - Dry,01 - Traffic signal,03 - P.D. only,03 - Rear end
0,Evening,0,0,15-1549,BASELINE RD @ WOODROFFE AVE,-75.76296535,45.35148912,2015,Jan,29,03 - Snow,07 - Dark,03 - Loose snow,01 - Traffic signal,03 - P.D. only,03 - Rear end
0,Morning,0,0,15-1949,BASELINE RD @ WOODROFFE AVE,-75.76296501,45.35151514,2015,Feb,4,03 - Snow,01 - Daylight,03 - Loose snow,01 - Traffic signal,03 - P.D. only,03 - Rear end
0,Afternoon,0,0,15-2079,BASELINE RD @ WOODROFFE AVE,-75.76298984,45.35149796,2015,Feb,5,01 - Clear,01 - Daylight,06 - Ice,01 - Traffic signal,03 - P.D. only,03 - Rear end
0,Morning,0,0,15-2766,BASELINE RD @ WOODROFFE AVE,-75.76298995,45.35148928,2015,Feb,18,01 - Clear,01 - Daylight,01 - Dry,01 - Traffic signal,03 - P.D. only,03 - Rear end
0,Morning,0,0,15-2791,BASELINE RD @ WOODROFFE AVE,-75.76296524,45.3514978,2015,Feb,19,01 - Clear,01 - Daylight,01 - Dry,01 - Traffic signal,03 - P.D. only,03 - Rear end
0,Morning,0,0,15-3128,BASELINE RD @ WOODROFFE AVE,-75.76296535,45.35148912,2015,Feb,24,01 - Clear,01 - Daylight,01 - Dry,01 - Traffic signal,02 - Non-fatal injury,03 - Rear end
0,Morning,0,0,15-3220,BASELINE RD @ WOODROFFE AVE,-75.76297754,45.35149788,2015,Feb,26,01 - Clear,01 - Daylight,01 - Dry,01 - Traffic signal,03 - P.D. only,03 - Rear end
0,Morning,0,0,15-3269,BASELINE RD @ WOODROFFE AVE,-75.76298995,45.35148928,2015,Feb,27,01 - Clear,01 - Daylight,01 - Dry,01 - Traffic signal,03 - P.D. only,03 - Rear end
0,Evening,0,0,15-3326,BASELINE RD @ WOODROFFE AVE,-75.76296535,45.35148912,2015,Feb,27,01 - Clear,07 - Dark,01 - Dry,01 - Traffic signal,03 - P.D. only,03 - Rear end
0,Afternoon,0,0,15-3564,BASELINE RD @ WOODROFFE AVE,-75.76296501,45.35151514,2015,Mar,6,01 - Clear,01 - Daylight,01 - Dry,01 - Traffic signal,03 - P.D. only,03 - Rear end
0,Afternoon,0,0,15-3730,BASELINE RD @ WOODROFFE AVE,-75.76297742,45.35150655,2015,Mar,12,01 - Clear,01 - Daylight,01 - Dry,01 - Traffic signal,03 - P.D. only,03 - Rear end
0,Morning,0,0,15-4188,BASELINE RD @ WOODROFFE AVE,-75.76297165,45.35150011,2015,Mar,27,01 - Clear,01 - Daylight,02 - Wet,01 - Traffic signal,03 - P.D. only,03 - Rear end
0,Afternoon,0,0,15-4318,BASELINE RD @ WOODROFFE AVE,-75.76298672,45.35149903,2015,Mar,31,01 - Clear,01 - Daylight,01 - Dry,01 - Traffic signal,03 - P.D. only,03 - Rear end
0,Morning,0,0,15-4491,BASELINE RD @ WOODROFFE AVE,-75.76296512,45.35150647,2015,Apr,7,01 - Clear,01 - Daylight,01 - Dry,01 - Traffic signal,03 - P.D. only,04 - Sideswipe
0,Morning,0,0,15-4493,BASELINE RD @ WOODROFFE AVE,-75.76298972,45.35150663,2015,Apr,7,01 - Clear,01 - Daylight,01 - Dry,01 - Traffic signal,03 - P.D. only,04 - Sideswipe
0,Afternoon,0,0,15-7102,BASELINE RD @ WOODROFFE AVE,-75.76297752,45.35149897,2015,Jun,26,01 - Clear,01 - Daylight,01 - Dry,01 - Traffic signal,02 - Non-fatal injury,03 - Rear end
0,Morning,0,0,15-7768,BASELINE RD @ WOODROFFE AVE,-75.76297761,45.35149249,2015,Jul,16,01 - Clear,01 - Daylight,01 - Dry,01 - Traffic signal,02 - Non-fatal injury,03 - Rear end
0,Morning,0,0,15-8406,BASELINE RD @ WOODROFFE AVE,-75.76296355,45.3514962,2015,Aug,6,01 - Clear,01 - Daylight,01 - Dry,01 - Traffic signal,02 - Non-fatal injury,03 - Rear end
0,Afternoon,1,0,15-9609,BASELINE RD @ WOODROFFE AVE,-75.76296833,45.35149891,2015,Sep,12,02 - Rain,01 - Daylight,02 - Wet,01 - Traffic signal,02 - Non-fatal injury,03 - Rear end
0,Afternoon,0,0,15-10470,BASELINE RD @ WOODROFFE AVE,-75.76297769,45.351486,2015,Oct,8,01 - Clear,01 - Daylight,01 - Dry,01 - Traffic signal,03 - P.D. only,03 - Rear end
0,Evening,1,0,15-10821,BASELINE RD @ WOODROFFE AVE,-75.76298664,45.35150551,2015,Oct,18,01 - Clear,05 - Dusk,01 - Dry,01 - Traffic signal,03 - P.D. only,03 - Rear end
0,Morning,0,0,15-10973,BASELINE RD @ WOODROFFE AVE,-75.76297744,45.35150546,2015,Oct,22,01 - Clear,01 - Daylight,01 - Dry,01 - Traffic signal,03 - P.D. only,05 - Turning movement