NO_OF_PEDESTRIANS,TIME (hh),DAY,RED_LIGHT_CAMERA,COLLISION_ID,LOCATION,LONGITUDE,LATITUDE,Year,MONTH,Date,ENVIRONMENT,LIGHT,SURFACE_CONDITION,TRAFFIC_CONTROL,COLLISION_CLASSIFICATION,IMPACT_TYPE
0,Morning,0,0,15-11465,BASELINE RD @ WOODROFFE AVE,-75.76297756,45.35149572,2015,Nov,5,01 - Clear,01 - Daylight,01 - Dry,01 - Traffic signal,03 - P.D. only,03 - Rear end
0,Morning,1,0,15-11819,BASELINE RD @ WOODROFFE AVE,-75.76298664,45.35150551,2015,Nov,15,01 - Clear,01 - Daylight,01 - Dry,01 - Traffic signal,02 - Non-fatal injury,04 - Sideswipe
0,Evening,0,0,15-12203,BASELINE RD @ WOODROFFE AVE,-75.76298678,45.35149578,2015,Nov,23,01 - Clear,07 - Dark,01 - Dry,01 - Traffic signal,03 - P.D. only,03 - Rear end
0,Evening,0,0,15-13079,BASELINE RD @ WOODROFFE AVE,-75.76296827,45.35150215,2015,Dec,18,01 - Clear,07 - Dark,01 - Dry,01 - Traffic signal,03 - P.D. only,03 - Rear end
0,Night,1,0,15-13319,BASELINE RD @ WOODROFFE AVE,-75.76297748,45.35150221,2015,Dec,26,01 - Clear,07 - Dark,01 - Dry,01 - Traffic signal,03 - P.D. only,02 - Angle
0,Afternoon,0,0,15-13432,BASELINE RD @ WOODROFFE AVE,-75.76296827,45.35150215,2015,Dec,30,02 - Rain,07 - Dark,02 - Wet,01 - Traffic signal,03 - P.D. only,04 - Sideswipe
0,Morning,0,0,16-355,BASELINE RD @ WOODROFFE AVE,-75.76297735,45.35151234,2016,Jan,11,01 - Clear,01 - Daylight,06 - Ice,01 - Traffic signal,03 - P.D. only,03 - Rear end
0,Afternoon,0,0,16-1474,BASELINE RD @ WOODROFFE AVE,-75.76298042,45.35149617,2016,Feb,9,01 - Clear,01 - Daylight,01 - Dry,01 - Traffic signal,02 - Non-fatal injury,03 - Rear end
0,Afternoon,1,0,16-1660,BASELINE RD @ WOODROFFE AVE,-75.76299141,45.35150823,2016,Feb,13,01 - Clear,01 - Daylight,01 - Dry,01 - Traffic signal,03 - P.D. only,03 - Rear end
0,Morning,0,0,16-2228,BASELINE RD @ WOODROFFE AVE,-75.76297748,45.35150221,2016,Feb,23,01 - Clear,01 - Daylight,01 - Dry,01 - Traffic signal,02 - Non-fatal injury,03 - Rear end
0,Morning,0,0,16-2533,BASELINE RD @ WOODROFFE AVE,-75.76298256,45.35149522,2016,Feb,26,01 - Clear,01 - Daylight,01 - Dry,01 - Traffic signal,02 - Non-fatal injury,03 - Rear end
0,Evening,0,0,16-2713,BASELINE RD @ WOODROFFE AVE,-75.76298046,45.35150015,2016,Mar,4,03 - Snow,07 - Dark,05 - Packed snow,01 - Traffic signal,03 - P.D. only,03 - Rear end
0,Morning,0,0,16-2962,BASELINE RD @ WOODROFFE AVE,-75.76298613,45.35149622,2016,Mar,14,01 - Clear,01 - Daylight,01 - Dry,01 - Traffic signal,03 - P.D. only,03 - Rear end
0,Afternoon,0,0,16-3676,BASELINE RD @ WOODROFFE AVE,-75.76297465,45.35150018,2016,Apr,7,01 - Clear,01 - Daylight,02 - Wet,01 - Traffic signal,03 - P.D. only,03 - Rear end
0,Morning,0,0,16-4652,BASELINE RD @ WOODROFFE AVE,-75.76297468,45.35149611,2016,May,12,01 - Clear,01 - Daylight,01 - Dry,01 - Traffic signal,03 - P.D. only,03 - Rear end
0,Afternoon,1,0,16-4727,BASELINE RD @ WOODROFFE AVE,-75.76298046,45.35150015,2016,May,14,01 - Clear,01 - Daylight,02 - Wet,01 - Traffic signal,03 - P.D. only,03 - Rear end
0,Morning,0,0,16-5079,BASELINE RD @ WOODROFFE AVE,-75.76298609,45.3515043,2016,May,26,01 - Clear,01 - Daylight,01 - Dry,01 - Traffic signal,03 - P.D. only,03 - Rear end
0,Afternoon,0,0,16-5283,BASELINE RD @ WOODROFFE AVE,-75.76298591,45.35150029,2016,May,31,01 - Clear,01 - Daylight,01 - Dry,01 - Traffic signal,03 - P.D. only,02 - Angle
0,Morning,1,0,16-5870,BASELINE RD @ WOODROFFE AVE,-75.76298643,45.35149601,2016,Jun,19,01 - Clear,01 - Daylight,01 - Dry,01 - Traffic signal,03 - P.D. only,03 - Rear end
0,Morning,0,0,16-6460,BASELINE RD @ WOODROFFE AVE,-75.76297469,45.35149401,2016,Jul,7,01 - Clear,01 - Daylight,01 - Dry,01 - Traffic signal,03 - P.D. only,03 - Rear end
0,Afternoon,0,0,16-6991,BASELINE RD @ WOODROFFE AVE,-75.76298038,45.35150223,2016,Jul,25,01 - Clear,01 - Daylight,01 - Dry,01 - Traffic signal,03 - P.D. only,03 - Rear end
0,Afternoon,1,0,16-7157,BASELINE RD @ WOODROFFE AVE,-75.76298613,45.35150636,2016,Jul,30,01 - Clear,01 - Daylight,01 - Dry,01 - Traffic signal,03 - P.D. only,03 - Rear end
0,Afternoon,0,0,16-7410,BASELINE RD @ WOODROFFE AVE,-75.76298054,45.35148996,2016,Aug,9,01 - Clear,01 - Daylight,01 - Dry,01 - Traffic signal,02 - Non-fatal injury,04 - Sideswipe
0,Evening,0,0,16-7595,BASELINE RD @ WOODROFFE AVE,-75.76297458,45.35150219,2016,Aug,15,01 - Clear,01 - Daylight,01 - Dry,01 - Traffic signal,03 - P.D. only,03 - Rear end
0,Morning,0,0,16-8606,BASELINE RD @ WOODROFFE AVE,-75.76299146,45.35150428,2016,Sep,19,01 - Clear,01 - Daylight,01 - Dry,01 - Traffic signal,03 - P.D. only,04 - Sideswipe
0,Morning,0,0,16-8932,BASELINE RD @ WOODROFFE AVE,-75.76299795,45.35150475,2016,Sep,29,01 - Clear,01 - Daylight,01 - Dry,01 - Traffic signal,03 - P.D. only,03 - Rear end
0,Morning,1,0,16-9417,BASELINE RD @ WOODROFFE AVE,-75.76297734,45.35151339,2016,Oct,15,01 - Clear,01 - Daylight,01 - Dry,01 - Traffic signal,03 - P.D. only,03 - Rear end
0,Morning,1,0,16-9751,BASELINE RD @ WOODROFFE AVE,-75.76298819,45.3514911,2016,Oct,23,01 - Clear,01 - Daylight,01 - Dry,01 - Traffic signal,02 - Non-fatal injury,03 - Rear end
0,Afternoon,0,0,16-10254,BASELINE RD @ WOODROFFE AVE,-75.762988,45.35150601,2016,Nov,7,01 - Clear,01 - Daylight,01 - Dry,01 - Traffic signal,03 - P.D. only,03 - Rear end
0,Afternoon,0,0,16-10323,BASELINE RD @ WOODROFFE AVE,-75.76300894,45.35152105,2016,Nov,9,01 - Clear,01 - Daylight,01 - Dry,01 - Traffic signal,03 - P.D. only,03 - Rear end
0,Morning,0,0,16-11380,BASELINE RD @ WOODROFFE AVE,-75.76298036,45.3514963,2016,Dec,6,01 - Clear,01 - Daylight,01 - Dry,01 - Traffic signal,03 - P.D. only,05 - Turning movement
0,Morning,0,0,16-11723,BASELINE RD @ WOODROFFE AVE,-75.76296686,45.35150587,2016,Dec,13,01 - Clear,01 - Daylight,02 - Wet,01 - Traffic signal,03 - P.D. only,03 - Rear end
0,Morning,0,0,16-11865,BASELINE RD @ WOODROFFE AVE,-75.76298601,45.35149239,2016,Dec,16,01 - Clear,07 - Dark,01 - Dry,01 - Traffic signal,03 - P.D. only,05 - Turning movement
0,Afternoon,0,0,16-11896,BASELINE RD @ WOODROFFE AVE,-75.7629745,45.35150428,2016,Dec,16,03 - Snow,01 - Daylight,02 - Wet,01 - Traffic signal,02 - Non-fatal injury,03 - Rear end
0,Afternoon,0,0,17-417,BASELINE RD @ WOODROFFE AVE,-75.76298854,45.35149456,2017,Jan,11,01 - Clear,01 - Daylight,02 - Wet,01 - Traffic signal,02 - Non-fatal injury,03 - Rear end
0,Morning,0,0,17-587,BASELINE RD @ WOODROFFE AVE,-75.76297141,45.3515043,2017,Jan,17,01 - Clear,07 - Dark,01 - Dry,01 - Traffic signal,03 - P.D. only,03 - Rear end
0,Morning,0,0,17-871,BASELINE RD @ WOODROFFE AVE,-75.76299668,45.35149896,2017,Jan,26,03 - Snow,01 - Daylight,02 - Wet,01 - Traffic signal,02 - Non-fatal injury,04 - Sideswipe
0,Evening,0,0,17-1391,BASELINE RD @ WOODROFFE AVE,-75.76297752,45.35149884,2017,Feb,8,01 - Clear,07 - Dark,02 - Wet,01 - Traffic signal,02 - Non-fatal injury,03 - Rear end
0,Night,0,0,17-1794,BASELINE RD @ WOODROFFE AVE,-75.76297313,45.3515082,2017,Feb,15,01 - Clear,07 - Dark,05 - Packed snow,01 - Traffic signal,02 - Non-fatal injury,02 - Angle
0,Evening,0,0,17-2557,BASELINE RD @ WOODROFFE AVE,-75.7629819,45.3514902,2017,Mar,9,01 - Clear,07 - Dark,01 - Dry,01 - Traffic signal,03 - P.D. only,03 - Rear end
0,Afternoon,0,0,17-2625,BASELINE RD @ WOODROFFE AVE,-75.7629646,45.35150815,2017,Mar,13,01 - Clear,01 - Daylight,01 - Dry,01 - Traffic signal,03 - P.D. only,03 - Rear end
0,Morning,0,0,17-3210,BASELINE RD @ WOODROFFE AVE,-75.76296444,45.35152019,2017,Mar,29,01 - Clear,01 - Daylight,01 - Dry,01 - Traffic signal,03 - P.D. only,04 - Sideswipe
0,Afternoon,0,0,17-3280,BASELINE RD @ WOODROFFE AVE,-75.76296777,45.35151228,2017,Mar,31,03 - Snow,01 - Daylight,02 - Wet,01 - Traffic signal,02 - Non-fatal injury,03 - Rear end
0,Night,0,0,17-3662,BASELINE RD @ WOODROFFE AVE,-75.76297329,45.35149617,2017,Apr,14,01 - Clear,07 - Dark,01 - Dry,01 - Traffic signal,03 - P.D. only,03 - Rear end
0,Morning,1,0,17-4148,BASELINE RD @ WOODROFFE AVE,-75.76297313,45.3515082,2017,Apr,29,01 - Clear,01 - Daylight,01 - Dry,01 - Traffic signal,03 - P.D. only,03 - Rear end
0,Morning,0,0,17-4557,BASELINE RD @ WOODROFFE AVE,-75.76298175,45.35150224,2017,May,17,01 - Clear,01 - Daylight,01 - Dry,01 - Traffic signal,03 - P.D. only,03 - Rear end
0,Evening,0,0,17-4912,BASELINE RD @ WOODROFFE AVE,-75.76296468,45.35150213,2017,May,26,02 - Rain,01 - Daylight,02 - Wet,01 - Traffic signal,03 - P.D. only,03 - Rear end
0,Afternoon,0,0,17-4971,BASELINE RD @ WOODROFFE AVE,-75.76297321,45.35150219,2017,May,29,02 - Rain,01 - Daylight,02 - Wet,01 - Traffic signal,03 - P.D. only,04 - Sideswipe
0,Morning,1,0,17-6211,BASELINE RD @ WOODROFFE AVE,-75.76297321,45.35150219,2017,Jul,8,01 - Clear,01 - Daylight,01 - Dry,01 - Traffic signal,03 - P.D. only,03 - Rear end
0,Morning,0,0,17-6462,BASELINE RD @ WOODROFFE AVE,-75.76299298,45.35150505,2017,Jul,18,01 - Clear,01 - Daylight,01 - Dry,01 - Traffic signal,03 - P.D. only,03 - Rear end
0,Night,0,0,17-6589,BASELINE RD @ WOODROFFE AVE,-75.76297759,45.3514936,2017,Jul,21,01 - Clear,07 - Dark,01 - Dry,01 - Traffic signal,02 - Non-fatal injury,05 - Turning movement
0,Evening,0,0,17-6683,BASELINE RD @ WOODROFFE AVE,-75.76298498,45.35151579,2017,Jul,25,01 - Clear,01 - Daylight,01 - Dry,01 - Traffic signal,03 - P.D. only,03 - Rear end
0,Afternoon,0,0,17-6740,BASELINE RD @ WOODROFFE AVE,-75.76296977,45.35150487,2017,Jul,27,01 - Clear,01 - Daylight,01 - Dry,01 - Traffic signal,03 - P.D. only,03 - Rear end
0,Morning,0,0,17-7066,BASELINE RD @ WOODROFFE AVE,-75.76297739,45.35150944,2017,Aug,10,01 - Clear,01 - Daylight,01 - Dry,01 - Traffic signal,03 - P.D. only,04 - Sideswipe
0,Afternoon,1,0,17-7572,BASELINE RD @ WOODROFFE AVE,-75.76297756,45.35149582,2017,Aug,26,01 - Clear,01 - Daylight,01 - Dry,01 - Traffic signal,03 - P.D. only,03 - Rear end
0,Afternoon,0,0,17-7705,BASELINE RD @ WOODROFFE AVE,-75.76296005,45.35151188,2017,Aug,31,01 - Clear,01 - Daylight,01 - Dry,01 - Traffic signal,03 - P.D. only,03 - Rear end
0,Afternoon,1,0,17-7994,BASELINE RD @ WOODROFFE AVE,-75.76297748,45.35150221,2017,Sep,9,01 - Clear,01 - Daylight,01 - Dry,01 - Traffic signal,03 - P.D. only,03 - Rear end
0,Afternoon,1,0,17-8034,BASELINE RD @ WOODROFFE AVE,-75.76297745,45.35150422,2017,Sep,9,01 - Clear,01 - Daylight,01 - Dry,01 - Traffic signal,03 - P.D. only,04 - Sideswipe
0,Evening,0,0,17-8133,BASELINE RD @ WOODROFFE AVE,-75.76296594,45.35151219,2017,Sep,13,01 - Clear,01 - Daylight,01 - Dry,01 - Traffic signal,02 - Non-fatal injury,03 - Rear end
0,Evening,0,0,17-8593,BASELINE RD @ WOODROFFE AVE,-75.76297141,45.3515043,2017,Sep,26,01 - Clear,01 - Daylight,01 - Dry,01 - Traffic signal,03 - P.D. only,03 - Rear end
0,Morning,0,0,17-9211,BASELINE RD @ WOODROFFE AVE,-75.7629565,45.351507,2017,Oct,16,01 - Clear,01 - Daylight,01 - Dry,01 - Traffic signal,03 - P.D. only,04 - Sideswipe
0,Evening,0,0,17-9324,BASELINE RD @ WOODROFFE AVE,-75.76299117,45.35151451,2017,Oct,19,01 - Clear,07 - Dark,01 - Dry,01 - Traffic signal,03 - P.D. only,03 - Rear end
0,Morning,0,0,17-9754,BASELINE RD @ WOODROFFE AVE,-75.76298355,45.35150012,2017,Oct,31,01 - Clear,01 - Daylight,01 - Dry,01 - Traffic signal,03 - P.D. only,03 - Rear end
0,Morning,0,0,17-10028,BASELINE RD @ WOODROFFE AVE,-75.76298965,45.35150444,2017,Nov,7,01 - Clear,01 - Daylight,01 - Dry,01 - Traffic signal,03 - P.D. only,04 - Sideswipe
0,Morning,1,0,17-10484,BASELINE RD @ WOODROFFE AVE,-75.76295614,45.35150208,2017,Nov,19,04 - Freezing Rain,01 - Daylight,05 - Packed snow,01 - Traffic signal,02 - Non-fatal injury,02 - Angle
0,Morning,0,0,17-10517,BASELINE RD @ WOODROFFE AVE,-75.76299013,45.35151433,2017,Nov,20,01 - Clear,01 - Daylight,02 - Wet,01 - Traffic signal,03 - P.D. only,03 - Rear end
0,Morning,0,0,17-10896,BASELINE RD @ WOODROFFE AVE,-75.76299021,45.35150831,2017,Nov,27,01 - Clear,01 - Daylight,01 - Dry,01 - Traffic signal,02 - Non-fatal injury,03 - Rear end
0,Afternoon,0,0,17-10925,BASELINE RD @ WOODROFFE AVE,-75.76298159,45.35151428,2017,Nov,28,01 - Clear,05 - Dusk,01 - Dry,01 - Traffic signal,03 - P.D. only,05 - Turning movement
0,Evening,0,0,17-11047,BASELINE RD @ WOODROFFE AVE,-75.76299044,45.35149026,2017,Nov,30,01 - Clear,07 - Dark,01 - Dry,01 - Traffic signal,03 - P.D. only,04 - Sideswipe
0,Morning,0,0,17-11443,BASELINE RD @ WOODROFFE AVE,-75.76299882,45.35150235,2017,Dec,11,01 - Clear,01 - Daylight,01 - Dry,01 - Traffic signal,03 - P.D. only,02 - Angle
0,Afternoon,0,0,17-11523,BASELINE RD @ WOODROFFE AVE,-75.76297135,45.35150432,2017,Dec,12,03 - Snow,01 - Daylight,03 - Loose snow,01 - Traffic signal,03 - P.D. only,02 - Angle
0,Morning,0,0,17-11892,BASELINE RD @ WOODROFFE AVE,-75.7629713,45.35150862,2017,Dec,18,03 - Snow,01 - Daylight,03 - Loose snow,01 - Traffic signal,03 - P.D. only,03 - Rear end
0,Evening,0,0,17-11984,BASELINE RD @ WOODROFFE AVE,-75.76297751,45.35150018,2017,Dec,19,03 - Snow,07 - Dark,03 - Loose snow,01 - Traffic signal,03 - P.D. only,03 - Rear end
0,Afternoon,0,0,13-15,INNES RD @ TENTH LINE RD,-75.48791845,45.46092027,2013,Jan,1,01 - Clear,05 - Dusk,01 - Dry,01 - Traffic signal,03 - P.D. only,03 - Rear end
0,Evening,0,0,13-114,INNES RD @ TENTH LINE RD,-75.48773501,45.4608895,2013,Jan,3,02 - Rain,07 - Dark,05 - Packed snow,01 - Traffic signal,03 - P.D. only,02 - Angle
0,Night,1,0,13-295,INNES RD @ TENTH LINE RD,-75.48775788,45.46089699,2013,Jan,6,03 - Snow,07 - Dark,05 - Packed snow,01 - Traffic signal,03 - P.D. only,04 - Sideswipe
0,Morning,0,0,13-929,INNES RD @ TENTH LINE RD,-75.48791871,45.4609057,2013,Jan,23,01 - Clear,03 - Dawn,01 - Dry,01 - Traffic signal,03 - P.D. only,03 - Rear end
0,Morning,0,0,13-1592,INNES RD @ TENTH LINE RD,-75.48786135,45.4608979,2013,Feb,1,01 - Clear,01 - Daylight,05 - Packed snow,01 - Traffic signal,03 - P.D. only,03 - Rear end
0,Evening,1,0,13-1927,INNES RD @ TENTH LINE RD,-75.48791897,45.46089113,2013,Feb,9,01 - Clear,07 - Dark,01 - Dry,01 - Traffic signal,02 - Non-fatal injury,03 - Rear end
0,Afternoon,0,0,13-2469,INNES RD @ TENTH LINE RD,-75.48790721,45.4609056,2013,Feb,25,01 - Clear,01 - Daylight,01 - Dry,01 - Traffic signal,03 - P.D. only,03 - Rear end
0,Morning,0,0,13-3363,INNES RD @ TENTH LINE RD,-75.48789572,45.4609055,2013,Mar,20,01 - Clear,01 - Daylight,02 - Wet,01 - Traffic signal,03 - P.D. only,03 - Rear end
0,Evening,1,0,13-3503,INNES RD @ TENTH LINE RD,-75.48788474,45.46087625,2013,Mar,23,01 - Clear,01 - Daylight,01 - Dry,01 - Traffic signal,03 - P.D. only,03 - Rear end
0,Afternoon,1,0,13-3710,INNES RD @ TENTH LINE RD,-75.48790734,45.46089831,2013,Mar,30,01 - Clear,01 - Daylight,01 - Dry,01 - Traffic signal,03 - P.D. only,03 - Rear end
0,Afternoon,0,0,13-5519,INNES RD @ TENTH LINE RD,-75.48780295,45.4609484,2013,May,29,01 - Clear,01 - Daylight,02 - Wet,01 - Traffic signal,03 - P.D. only,03 - Rear end
0,Morning,0,0,13-6540,INNES RD @ TENTH LINE RD,-75.48788461,45.46088353,2013,Jun,28,02 - Rain,01 - Daylight,02 - Wet,01 - Traffic signal,03 - P.D. only,03 - Rear end
0,Afternoon,0,0,13-6867,INNES RD @ TENTH LINE RD,-75.48788396,45.46091997,2013,Jul,9,01 - Clear,01 - Daylight,01 - Dry,01 - Traffic signal,03 - P.D. only,03 - Rear end
0,Afternoon,1,0,13-7484,INNES RD @ TENTH LINE RD,-75.48789663,45.46085449,2013,Jul,28,01 - Clear,01 - Daylight,01 - Dry,01 - Traffic signal,03 - P.D. only,03 - Rear end
0,Morning,0,0,13-7813,INNES RD @ TENTH LINE RD,-75.48790774,45.46087645,2013,Aug,8,01 - Clear,01 - Daylight,02 - Wet,01 - Traffic signal,02 - Non-fatal injury,03 - Rear end
0,Morning,0,0,13-8523,INNES RD @ TENTH LINE RD,-75.48781536,45.4608975,2013,Aug,30,01 - Clear,01 - Daylight,01 - Dry,01 - Traffic signal,02 - Non-fatal injury,02 - Angle
0,Evening,0,0,13-9624,INNES RD @ TENTH LINE RD,-75.48787298,45.46089072,2013,Sep,30,01 - Clear,07 - Dark,01 - Dry,01 - Traffic signal,03 - P.D. only,05 - Turning movement
0,Evening,0,0,13-9809,INNES RD @ TENTH LINE RD,-75.4879076,45.46088374,2013,Oct,4,01 - Clear,07 - Dark,01 - Dry,01 - Traffic signal,03 - P.D. only,03 - Rear end
0,Evening,0,0,13-10651,INNES RD @ TENTH LINE RD,-75.48780374,45.46090468,2013,Oct,28,01 - Clear,01 - Daylight,01 - Dry,01 - Traffic signal,03 - P.D. only,03 - Rear end
0,Afternoon,1,0,13-11702,INNES RD @ TENTH LINE RD,-75.48790774,45.46087645,2013,Nov,23,03 - Snow,01 - Daylight,02 - Wet,01 - Traffic signal,03 - P.D. only,04 - Sideswipe
0,Morning,0,0,13-12179,INNES RD @ TENTH LINE RD,-75.48788448,45.46089082,2013,Dec,4,01 - Clear,01 - Daylight,01 - Dry,01 - Traffic signal,03 - P.D. only,03 - Rear end
0,Morning,0,0,13-12532,INNES RD @ TENTH LINE RD,-75.48790774,45.46087645,2013,Dec,12,01 - Clear,01 - Daylight,01 - Dry,01 - Traffic signal,03 - P.D. only,03 - Rear end
0,Morning,0,0,13-12989,INNES RD @ TENTH LINE RD,-75.4879421,45.46088404,2013,Dec,20,03 - Snow,01 - Daylight,03 - Loose snow,01 - Traffic signal,03 - P.D. only,03 - Rear end
0,Morning,0,0,13-13228,INNES RD @ TENTH LINE RD,-75.48789831,45.46088875,2013,Dec,26,03 - Snow,01 - Daylight,04 - Slush,01 - Traffic signal,03 - P.D. only,03 - Rear end
0,Morning,0,0,14-281,INNES RD @ TENTH LINE RD,-75.48788447,45.46089129,2014,Jan,7,01 - Clear,03 - Dawn,01 - Dry,01 - Traffic signal,03 - P.D. only,03 - Rear end
0,Afternoon,0,0,14-432,INNES RD @ TENTH LINE RD,-75.48787877,45.46086689,2014,Jan,9,01 - Clear,01 - Daylight,01 - Dry,01 - Traffic signal,03 - P.D. only,02 - Angle
0,Evening,0,0,14-757,INNES RD @ TENTH LINE RD,-75.48789119,45.46085436,2014,Jan,17,01 - Clear,07 - Dark,02 - Wet,01 - Traffic signal,03 - P.D. only,04 - Sideswipe
0,Morning,0,0,14-811,INNES RD @ TENTH LINE RD,-75.48787807,45.46088667,2014,Jan,20,01 - Clear,03 - Dawn,04 - Slush,01 - Traffic signal,03 - P.D. only,03 - Rear end
0,Night,1,0,14-1531,INNES RD @ TENTH LINE RD,-75.48787815,45.46088211,2014,Feb,1,03 - Snow,07 - Dark,03 - Loose snow,01 - Traffic signal,03 - P.D. only,03 - Rear end
0,Morning,1,0,14-1846,INNES RD @ TENTH LINE RD,-75.48787877,45.4608713,2014,Feb,9,01 - Clear,01 - Daylight,01 - Dry,01 - Traffic signal,03 - P.D. only,03 - Rear end
0,Evening,0,0,14-3071,INNES RD @ TENTH LINE RD,-75.48789089,45.46087141,2014,Mar,10,03 - Snow,07 - Dark,05 - Packed snow,01 - Traffic signal,03 - P.D. only,03 - Rear end
0,Afternoon,0,0,14-3172,INNES RD @ TENTH LINE RD,-75.48791497,45.46088015,2014,Mar,12,03 - Snow,01 - Daylight,03 - Loose snow,01 - Traffic signal,03 - P.D. only,03 - Rear end
0,Afternoon,1,0,14-3480,INNES RD @ TENTH LINE RD,-75.4879027,45.46088858,2014,Mar,22,01 - Clear,01 - Daylight,02 - Wet,01 - Traffic signal,03 - P.D. only,03 - Rear end
0,Afternoon,0,0,14-4235,INNES RD @ TENTH LINE RD,-75.48789073,45.46087994,2014,Apr,16,01 - Clear,01 - Daylight,01 - Dry,01 - Traffic signal,03 - P.D. only,02 - Angle
0,Morning,0,0,14-4657,INNES RD @ TENTH LINE RD,-75.48787831,45.46089689,2014,May,2,01 - Clear,01 - Daylight,01 - Dry,01 - Traffic signal,03 - P.D. only,03 - Rear end
0,Evening,0,0,14-4873,INNES RD @ TENTH LINE RD,-75.48787862,45.46087983,2014,May,9,01 - Clear,01 - Daylight,01 - Dry,01 - Traffic signal,03 - P.D. only,03 - Rear end
0,Morning,1,0,14-4937,INNES RD @ TENTH LINE RD,-75.4878665,45.46087972,2014,May,11,01 - Clear,01 - Daylight,01 - Dry,01 - Traffic signal,03 - P.D. only,03 - Rear end
0,Evening,0,0,14-5033,INNES RD @ TENTH LINE RD,-75.48789058,45.46088847,2014,May,14,01 - Clear,05 - Dusk,01 - Dry,01 - Traffic signal,02 - Non-fatal injury,03 - Rear end
0,Afternoon,0,0,14-5280,INNES RD @ TENTH LINE RD,-75.48790316,45.46086299,2014,May,22,01 - Clear,01 - Daylight,01 - Dry,01 - Traffic signal,03 - P.D. only,03 - Rear end
0,Morning,0,0,14-6185,INNES RD @ TENTH LINE RD,-75.48787892,45.46086278,2014,Jun,17,01 - Clear,01 - Daylight,01 - Dry,01 - Traffic signal,03 - P.D. only,03 - Rear end
0,Afternoon,0,0,14-6234,INNES RD @ TENTH LINE RD,-75.4878665,45.46087972,2014,Jun,18,01 - Clear,01 - Daylight,01 - Dry,01 - Traffic signal,03 - P.D. only,03 - Rear end
0,Morning,0,0,14-7127,INNES RD @ TENTH LINE RD,-75.48787815,45.46088211,2014,Jul,16,01 - Clear,01 - Daylight,01 - Dry,01 - Traffic signal,03 - P.D. only,03 - Rear end
0,Evening,0,0,14-8221,INNES RD @ TENTH LINE RD,-75.48787877,45.4608713,2014,Aug,19,01 - Clear,01 - Daylight,01 - Dry,01 - Traffic signal,03 - P.D. only,03 - Rear end
0,Evening,0,0,14-9151,INNES RD @ TENTH LINE RD,-75.48790285,45.46088005,2014,Sep,16,01 - Clear,07 - Dark,01 - Dry,01 - Traffic signal,03 - P.D. only,03 - Rear end
0,Afternoon,0,0,14-9261,INNES RD @ TENTH LINE RD,-75.48790331,45.46085446,2014,Sep,18,01 - Clear,01 - Daylight,01 - Dry,01 - Traffic signal,03 - P.D. only,03 - Rear end
0,Evening,0,0,14-9415,INNES RD @ TENTH LINE RD,-75.48790316,45.46086299,2014,Sep,23,01 - Clear,07 - Dark,01 - Dry,01 - Traffic signal,03 - P.D. only,03 - Rear end
0,Evening,0,0,14-9587,INNES RD @ TENTH LINE RD,-75.48789089,45.46087141,2014,Sep,29,01 - Clear,01 - Daylight,01 - Dry,01 - Traffic signal,03 - P.D. only,03 - Rear end
0,Evening,0,0,14-11064,INNES RD @ TENTH LINE RD,-75.48787846,45.46088836,2014,Nov,7,01 - Clear,07 - Dark,01 - Dry,01 - Traffic signal,03 - P.D. only,03 - Rear end
0,Evening,0,0,14-11302,INNES RD @ TENTH LINE RD,-75.48788475,45.46087561,2014,Nov,14,01 - Clear,07 - Dark,01 - Dry,01 - Traffic signal,03 - P.D. only,03 - Rear end