NO_OF_PEDESTRIANS,TIME (hh),DAY,RED_LIGHT_CAMERA,COLLISION_ID,LOCATION,LONGITUDE,LATITUDE,Year,MONTH,Date,ENVIRONMENT,LIGHT,SURFACE_CONDITION,TRAFFIC_CONTROL,COLLISION_CLASSIFICATION,IMPACT_TYPE
1,Morning,0,0,13-5516,DONALD ST @ ST. LAURENT BLVD,-75.63999893,45.42897465,2013,May,31,01 - Clear,01 - Daylight,01 - Dry,01 - Traffic signal,02 - Non-fatal injury,07 - SMV other
0,Night,0,0,13-5545,DONALD ST @ ST. LAURENT BLVD,-75.63994136,45.42898151,2013,May,31,01 - Clear,07 - Dark,01 - Dry,01 - Traffic signal,02 - Non-fatal injury,05 - Turning movement
0,Morning,1,0,13-5554,DONALD ST @ ST. LAURENT BLVD,-75.63999882,45.42898194,2013,Jun,1,01 - Clear,01 - Daylight,01 - Dry,01 - Traffic signal,03 - P.D. only,03 - Rear end
0,Morning,0,0,13-5608,DONALD ST @ ST. LAURENT BLVD,-75.64001053,45.42896745,2013,Jun,3,01 - Clear,01 - Daylight,01 - Dry,01 - Traffic signal,02 - Non-fatal injury,05 - Turning movement
0,Evening,1,0,13-5835,DONALD ST @ ST. LAURENT BLVD,-75.63999882,45.42898194,2013,Jun,8,01 - Clear,01 - Daylight,01 - Dry,01 - Traffic signal,03 - P.D. only,05 - Turning movement
0,Afternoon,0,0,13-6021,DONALD ST @ ST. LAURENT BLVD,-75.64002191,45.42897483,2013,Jun,14,01 - Clear,01 - Daylight,01 - Dry,01 - Traffic signal,03 - P.D. only,04 - Sideswipe
0,Evening,0,0,13-7403,DONALD ST @ ST. LAURENT BLVD,-75.64002279,45.42891653,2013,Jul,25,01 - Clear,05 - Dusk,01 - Dry,01 - Traffic signal,03 - P.D. only,03 - Rear end
0,Night,0,0,13-7655,DONALD ST @ ST. LAURENT BLVD,-75.64003351,45.42896762,2013,Aug,2,01 - Clear,07 - Dark,02 - Wet,01 - Traffic signal,03 - P.D. only,02 - Angle
0,Evening,0,0,13-8035,DONALD ST @ ST. LAURENT BLVD,-75.63997583,45.42898177,2013,Aug,14,01 - Clear,01 - Daylight,01 - Dry,01 - Traffic signal,02 - Non-fatal injury,05 - Turning movement
0,Afternoon,0,0,13-8237,DONALD ST @ ST. LAURENT BLVD,-75.64001086,45.4289455,2013,Aug,21,01 - Clear,01 - Daylight,01 - Dry,01 - Traffic signal,03 - P.D. only,04 - Sideswipe
0,Afternoon,0,0,13-8242,DONALD ST @ ST. LAURENT BLVD,-75.64002224,45.42895296,2013,Aug,21,01 - Clear,01 - Daylight,01 - Dry,01 - Traffic signal,03 - P.D. only,05 - Turning movement
0,Evening,0,0,13-8547,DONALD ST @ ST. LAURENT BLVD,-75.63994092,45.42901066,2013,Aug,30,01 - Clear,05 - Dusk,02 - Wet,01 - Traffic signal,03 - P.D. only,05 - Turning movement
0,Afternoon,1,0,13-8574,DONALD ST @ ST. LAURENT BLVD,-75.64003329,45.4289822,2013,Aug,31,01 - Clear,01 - Daylight,01 - Dry,01 - Traffic signal,03 - P.D. only,05 - Turning movement
0,Morning,0,0,13-8764,DONALD ST @ ST. LAURENT BLVD,-75.64001053,45.42896736,2013,Sep,6,01 - Clear,01 - Daylight,01 - Dry,01 - Traffic signal,02 - Non-fatal injury,05 - Turning movement
0,Afternoon,0,0,13-8937,DONALD ST @ ST. LAURENT BLVD,-75.64001053,45.42896745,2013,Sep,11,01 - Clear,01 - Daylight,01 - Dry,01 - Traffic signal,03 - P.D. only,03 - Rear end
0,Morning,0,0,13-9234,DONALD ST @ ST. LAURENT BLVD,-75.64002224,45.42895296,2013,Sep,20,01 - Clear,01 - Daylight,01 - Dry,01 - Traffic signal,03 - P.D. only,05 - Turning movement
0,Evening,0,0,13-10845,DONALD ST @ ST. LAURENT BLVD,-75.64003373,45.42895305,2013,Nov,1,01 - Clear,07 - Dark,01 - Dry,01 - Traffic signal,03 - P.D. only,05 - Turning movement
1,Afternoon,1,0,13-12351,DONALD ST @ ST. LAURENT BLVD,-75.64001086,45.42894559,2013,Dec,8,01 - Clear,01 - Daylight,01 - Dry,01 - Traffic signal,02 - Non-fatal injury,07 - SMV other
0,Evening,0,0,13-13247,DONALD ST @ ST. LAURENT BLVD,-75.64001042,45.42897474,2013,Dec,26,03 - Snow,07 - Dark,03 - Loose snow,01 - Traffic signal,02 - Non-fatal injury,03 - Rear end
0,Evening,0,0,13-13610,DONALD ST @ ST. LAURENT BLVD,-75.64001042,45.42897474,2013,Nov,13,01 - Clear,07 - Dark,02 - Wet,01 - Traffic signal,03 - P.D. only,03 - Rear end
0,Night,0,0,14-Feb,DONALD ST @ ST. LAURENT BLVD,-75.63999266,45.4289605,2014,Jan,1,01 - Clear,07 - Dark,02 - Wet,01 - Traffic signal,03 - P.D. only,02 - Angle
1,Afternoon,0,0,14-602,DONALD ST @ ST. LAURENT BLVD,-75.63999273,45.42895594,2014,Jan,13,03 - Snow,01 - Daylight,02 - Wet,01 - Traffic signal,02 - Non-fatal injury,07 - SMV other
0,Afternoon,1,0,14-2494,DONALD ST @ ST. LAURENT BLVD,-75.64002959,45.42894937,2014,Feb,22,01 - Clear,01 - Daylight,02 - Wet,01 - Traffic signal,03 - P.D. only,04 - Sideswipe
0,Night,0,0,14-3357,DONALD ST @ ST. LAURENT BLVD,-75.63998127,45.42894048,2014,Mar,19,03 - Snow,07 - Dark,03 - Loose snow,01 - Traffic signal,03 - P.D. only,07 - SMV other
0,Evening,0,0,14-3564,DONALD ST @ ST. LAURENT BLVD,-75.63998115,45.42894901,2014,Mar,25,01 - Clear,07 - Dark,01 - Dry,01 - Traffic signal,02 - Non-fatal injury,05 - Turning movement
0,Morning,0,0,14-4328,DONALD ST @ ST. LAURENT BLVD,-75.64001761,45.42894075,2014,Apr,21,01 - Clear,01 - Daylight,01 - Dry,01 - Traffic signal,03 - P.D. only,04 - Sideswipe
0,Morning,0,0,14-5312,DONALD ST @ ST. LAURENT BLVD,-75.63996929,45.42893186,2014,May,23,01 - Clear,01 - Daylight,01 - Dry,01 - Traffic signal,03 - P.D. only,04 - Sideswipe
0,Morning,0,0,14-5550,DONALD ST @ ST. LAURENT BLVD,-75.63999365,45.42892351,2014,May,30,01 - Clear,01 - Daylight,01 - Dry,01 - Traffic signal,02 - Non-fatal injury,02 - Angle
1,Afternoon,0,0,14-5809,DONALD ST @ ST. LAURENT BLVD,-75.6400117,45.4289449,2014,Jun,6,01 - Clear,01 - Daylight,01 - Dry,01 - Traffic signal,02 - Non-fatal injury,07 - SMV other
0,Evening,0,0,14-6336,DONALD ST @ ST. LAURENT BLVD,-75.63998102,45.42895754,2014,Jun,20,01 - Clear,01 - Daylight,01 - Dry,01 - Traffic signal,03 - P.D. only,05 - Turning movement
0,Afternoon,0,0,14-6447,DONALD ST @ ST. LAURENT BLVD,-75.63996929,45.42893186,2014,Jun,24,02 - Rain,01 - Daylight,02 - Wet,01 - Traffic signal,03 - P.D. only,03 - Rear end
0,Morning,0,0,14-6540,DONALD ST @ ST. LAURENT BLVD,-75.64001774,45.42893222,2014,Jun,27,01 - Clear,01 - Daylight,01 - Dry,01 - Traffic signal,03 - P.D. only,04 - Sideswipe
0,Evening,1,0,14-7273,DONALD ST @ ST. LAURENT BLVD,-75.63999925,45.42895348,2014,Jul,20,01 - Clear,01 - Daylight,01 - Dry,01 - Traffic signal,02 - Non-fatal injury,03 - Rear end
0,Night,0,0,14-8228,DONALD ST @ ST. LAURENT BLVD,-75.63998127,45.42894048,2014,Aug,19,01 - Clear,07 - Dark,01 - Dry,01 - Traffic signal,03 - P.D. only,05 - Turning movement
0,Evening,0,0,14-10118,DONALD ST @ ST. LAURENT BLVD,-75.64000562,45.4289606,2014,Oct,14,01 - Clear,07 - Dark,01 - Dry,01 - Traffic signal,03 - P.D. only,05 - Turning movement
0,Evening,0,0,14-10395,DONALD ST @ ST. LAURENT BLVD,-75.64001126,45.42896206,2014,Oct,21,01 - Clear,07 - Dark,01 - Dry,01 - Traffic signal,02 - Non-fatal injury,03 - Rear end
0,Morning,0,0,14-10514,DONALD ST @ ST. LAURENT BLVD,-75.63999938,45.42894487,2014,Oct,24,01 - Clear,01 - Daylight,01 - Dry,01 - Traffic signal,03 - P.D. only,04 - Sideswipe
0,Afternoon,1,0,14-10564,DONALD ST @ ST. LAURENT BLVD,-75.64002366,45.42894505,2014,Oct,26,01 - Clear,01 - Daylight,01 - Dry,01 - Traffic signal,03 - P.D. only,03 - Rear end
0,Evening,0,0,14-10634,DONALD ST @ ST. LAURENT BLVD,-75.63999938,45.42894487,2014,Oct,28,02 - Rain,07 - Dark,02 - Wet,01 - Traffic signal,03 - P.D. only,03 - Rear end
2,Evening,0,0,14-11180,DONALD ST @ ST. LAURENT BLVD,-75.64000563,45.42893213,2014,Nov,11,01 - Clear,07 - Dark,01 - Dry,01 - Traffic signal,02 - Non-fatal injury,07 - SMV other
0,Morning,0,0,14-12584,DONALD ST @ ST. LAURENT BLVD,-75.64002353,45.4289536,2014,Dec,15,01 - Clear,01 - Daylight,02 - Wet,01 - Traffic signal,02 - Non-fatal injury,04 - Sideswipe
0,Afternoon,0,0,14-12796,DONALD ST @ ST. LAURENT BLVD,-75.64001152,45.42894496,2014,Dec,19,01 - Clear,01 - Daylight,01 - Dry,01 - Traffic signal,03 - P.D. only,04 - Sideswipe
1,Evening,0,0,14-12986,DONALD ST @ ST. LAURENT BLVD,-75.63999938,45.42894481,2014,Dec,23,02 - Rain,07 - Dark,02 - Wet,01 - Traffic signal,02 - Non-fatal injury,07 - SMV other
0,Afternoon,0,0,15-40,DONALD ST @ ST. LAURENT BLVD,-75.63999951,45.42893613,2015,Jan,2,01 - Clear,01 - Daylight,01 - Dry,01 - Traffic signal,03 - P.D. only,04 - Sideswipe
0,Afternoon,0,0,15-162,DONALD ST @ ST. LAURENT BLVD,-75.63998719,45.42893604,2015,Jan,5,03 - Snow,01 - Daylight,04 - Slush,01 - Traffic signal,03 - P.D. only,03 - Rear end
0,Afternoon,0,0,15-433,DONALD ST @ ST. LAURENT BLVD,-75.63998719,45.42893604,2015,Jan,9,03 - Snow,01 - Daylight,04 - Slush,01 - Traffic signal,03 - P.D. only,03 - Rear end
0,Night,0,0,15-463,DONALD ST @ ST. LAURENT BLVD,-75.63998693,45.42895339,2015,Jan,9,03 - Snow,07 - Dark,04 - Slush,01 - Traffic signal,03 - P.D. only,03 - Rear end
0,Evening,0,0,15-659,DONALD ST @ ST. LAURENT BLVD,-75.63999938,45.42894481,2015,Jan,13,01 - Clear,07 - Dark,01 - Dry,01 - Traffic signal,03 - P.D. only,05 - Turning movement
0,Evening,0,0,15-1190,DONALD ST @ ST. LAURENT BLVD,-75.63998706,45.42894471,2015,Jan,22,01 - Clear,05 - Dusk,01 - Dry,01 - Traffic signal,03 - P.D. only,02 - Angle
0,Night,1,0,15-1310,DONALD ST @ ST. LAURENT BLVD,-75.64001143,45.42896224,2015,Jan,25,01 - Clear,07 - Dark,01 - Dry,01 - Traffic signal,03 - P.D. only,05 - Turning movement
0,Morning,1,0,15-3338,DONALD ST @ ST. LAURENT BLVD,-75.63999951,45.42893613,2015,Feb,28,01 - Clear,01 - Daylight,01 - Dry,01 - Traffic signal,03 - P.D. only,05 - Turning movement
0,Morning,1,0,15-3835,DONALD ST @ ST. LAURENT BLVD,-75.63999938,45.42894481,2015,Mar,15,01 - Clear,01 - Daylight,02 - Wet,01 - Traffic signal,03 - P.D. only,03 - Rear end
0,Evening,1,0,15-4004,DONALD ST @ ST. LAURENT BLVD,-75.64001183,45.42893623,2015,Mar,21,01 - Clear,07 - Dark,01 - Dry,01 - Traffic signal,03 - P.D. only,03 - Rear end
0,Afternoon,1,0,15-4107,DONALD ST @ ST. LAURENT BLVD,-75.63998733,45.42892737,2015,Mar,22,01 - Clear,01 - Daylight,01 - Dry,01 - Traffic signal,03 - P.D. only,04 - Sideswipe
1,Evening,0,0,15-4479,DONALD ST @ ST. LAURENT BLVD,-75.63999938,45.42894481,2015,Mar,27,01 - Clear,01 - Daylight,01 - Dry,01 - Traffic signal,03 - P.D. only,07 - SMV other
0,Afternoon,0,0,15-4880,DONALD ST @ ST. LAURENT BLVD,-75.63999951,45.42893613,2015,Apr,20,01 - Clear,01 - Daylight,02 - Wet,01 - Traffic signal,03 - P.D. only,02 - Angle
0,Morning,0,0,15-5072,DONALD ST @ ST. LAURENT BLVD,-75.64001778,45.42894604,2015,Apr,28,01 - Clear,01 - Daylight,01 - Dry,01 - Traffic signal,03 - P.D. only,04 - Sideswipe
0,Afternoon,0,0,15-5189,DONALD ST @ ST. LAURENT BLVD,-75.64000867,45.42893949,2015,May,1,01 - Clear,01 - Daylight,01 - Dry,01 - Traffic signal,03 - P.D. only,05 - Turning movement
0,Afternoon,0,0,15-5423,DONALD ST @ ST. LAURENT BLVD,-75.64002699,45.42894611,2015,May,4,01 - Clear,01 - Daylight,01 - Dry,01 - Traffic signal,03 - P.D. only,03 - Rear end
0,Morning,0,0,15-6419,DONALD ST @ ST. LAURENT BLVD,-75.64000569,45.42895603,2015,Jun,8,02 - Rain,01 - Daylight,02 - Wet,01 - Traffic signal,02 - Non-fatal injury,05 - Turning movement
0,Evening,0,0,15-7335,DONALD ST @ ST. LAURENT BLVD,-75.64000847,45.42895246,2015,Jul,2,01 - Clear,01 - Daylight,01 - Dry,01 - Traffic signal,03 - P.D. only,07 - SMV other
0,Morning,0,0,15-8162,DONALD ST @ ST. LAURENT BLVD,-75.63999926,45.42895239,2015,Jul,29,01 - Clear,01 - Daylight,01 - Dry,01 - Traffic signal,03 - P.D. only,05 - Turning movement
0,Afternoon,0,0,15-8522,DONALD ST @ ST. LAURENT BLVD,-75.63999005,45.42895232,2015,Aug,10,01 - Clear,01 - Daylight,01 - Dry,01 - Traffic signal,03 - P.D. only,05 - Turning movement
0,Afternoon,0,0,15-8985,DONALD ST @ ST. LAURENT BLVD,-75.6400121,45.42896064,2015,Aug,24,01 - Clear,01 - Daylight,01 - Dry,01 - Traffic signal,03 - P.D. only,03 - Rear end
0,Afternoon,1,0,15-9640,DONALD ST @ ST. LAURENT BLVD,-75.63999936,45.4289459,2015,Sep,13,02 - Rain,01 - Daylight,02 - Wet,01 - Traffic signal,03 - P.D. only,02 - Angle
0,Morning,0,0,15-9941,DONALD ST @ ST. LAURENT BLVD,-75.63998613,45.42894202,2015,Sep,23,01 - Clear,03 - Dawn,01 - Dry,01 - Traffic signal,02 - Non-fatal injury,05 - Turning movement
0,Afternoon,0,0,15-10370,DONALD ST @ ST. LAURENT BLVD,-75.64000837,45.42895894,2015,Oct,5,01 - Clear,01 - Daylight,01 - Dry,01 - Traffic signal,02 - Non-fatal injury,03 - Rear end
0,Morning,0,0,15-10881,DONALD ST @ ST. LAURENT BLVD,-75.63999025,45.42893935,2015,Oct,20,01 - Clear,01 - Daylight,01 - Dry,01 - Traffic signal,03 - P.D. only,04 - Sideswipe
0,Morning,1,0,15-11035,DONALD ST @ ST. LAURENT BLVD,-75.64000844,45.42895489,2015,Oct,24,01 - Clear,03 - Dawn,01 - Dry,01 - Traffic signal,03 - P.D. only,05 - Turning movement
0,Evening,1,0,15-11050,DONALD ST @ ST. LAURENT BLVD,-75.63999936,45.4289459,2015,Oct,24,01 - Clear,07 - Dark,01 - Dry,01 - Traffic signal,03 - P.D. only,05 - Turning movement
0,Morning,1,0,15-11063,DONALD ST @ ST. LAURENT BLVD,-75.64000857,45.42894597,2015,Oct,25,01 - Clear,01 - Daylight,01 - Dry,01 - Traffic signal,03 - P.D. only,05 - Turning movement
0,Afternoon,1,0,15-11549,DONALD ST @ ST. LAURENT BLVD,-75.63999931,45.42894914,2015,Nov,7,01 - Clear,01 - Daylight,01 - Dry,01 - Traffic signal,03 - P.D. only,03 - Rear end
0,Evening,0,0,15-11795,DONALD ST @ ST. LAURENT BLVD,-75.63999931,45.42894914,2015,Nov,13,02 - Rain,07 - Dark,02 - Wet,01 - Traffic signal,03 - P.D. only,03 - Rear end
0,Morning,0,0,15-12175,DONALD ST @ ST. LAURENT BLVD,-75.64000864,45.42894272,2015,Nov,24,03 - Snow,01 - Daylight,02 - Wet,01 - Traffic signal,02 - Non-fatal injury,03 - Rear end
0,Afternoon,0,0,15-12311,DONALD ST @ ST. LAURENT BLVD,-75.63999931,45.42894914,2015,Nov,27,02 - Rain,05 - Dusk,02 - Wet,01 - Traffic signal,03 - P.D. only,04 - Sideswipe
0,Morning,0,0,15-12485,DONALD ST @ ST. LAURENT BLVD,-75.63999951,45.42893615,2015,Dec,2,01 - Clear,01 - Daylight,02 - Wet,01 - Traffic signal,02 - Non-fatal injury,05 - Turning movement
0,Morning,0,0,15-12553,DONALD ST @ ST. LAURENT BLVD,-75.63999951,45.42893615,2015,Dec,4,01 - Clear,01 - Daylight,01 - Dry,01 - Traffic signal,03 - P.D. only,05 - Turning movement
0,Evening,1,0,15-12601,DONALD ST @ ST. LAURENT BLVD,-75.63999921,45.42895564,2015,Dec,5,01 - Clear,07 - Dark,01 - Dry,01 - Traffic signal,03 - P.D. only,05 - Turning movement
1,Morning,0,0,15-12965,DONALD ST @ ST. LAURENT BLVD,-75.64000854,45.42894921,2015,Dec,16,01 - Clear,07 - Dark,01 - Dry,01 - Traffic signal,02 - Non-fatal injury,07 - SMV other
0,Afternoon,0,0,16-437,DONALD ST @ ST. LAURENT BLVD,-75.64000227,45.42893929,2016,Jan,12,03 - Snow,05 - Dusk,04 - Slush,01 - Traffic signal,03 - P.D. only,03 - Rear end
0,Afternoon,0,0,16-762,DONALD ST @ ST. LAURENT BLVD,-75.64000221,45.42894324,2016,Jan,19,01 - Clear,01 - Daylight,01 - Dry,01 - Traffic signal,03 - P.D. only,03 - Rear end
0,Morning,0,0,16-1971,DONALD ST @ ST. LAURENT BLVD,-75.6399996,45.42893052,2016,Feb,18,04 - Freezing Rain,01 - Daylight,06 - Ice,01 - Traffic signal,03 - P.D. only,03 - Rear end
0,Evening,0,0,16-2641,DONALD ST @ ST. LAURENT BLVD,-75.64000758,45.42895908,2016,Mar,3,01 - Clear,05 - Dusk,01 - Dry,01 - Traffic signal,03 - P.D. only,05 - Turning movement
0,Morning,0,0,16-2795,DONALD ST @ ST. LAURENT BLVD,-75.63999077,45.42895108,2016,Mar,8,01 - Clear,01 - Daylight,02 - Wet,01 - Traffic signal,03 - P.D. only,03 - Rear end
0,Afternoon,0,0,16-3445,DONALD ST @ ST. LAURENT BLVD,-75.63999963,45.42894943,2016,Apr,1,01 - Clear,01 - Daylight,01 - Dry,01 - Traffic signal,03 - P.D. only,03 - Rear end
0,Afternoon,0,0,16-3673,DONALD ST @ ST. LAURENT BLVD,-75.63999635,45.42895518,2016,Mar,18,01 - Clear,01 - Daylight,01 - Dry,01 - Traffic signal,03 - P.D. only,03 - Rear end
0,Evening,0,0,16-4590,DONALD ST @ ST. LAURENT BLVD,-75.63998767,45.42894286,2016,May,10,01 - Clear,01 - Daylight,01 - Dry,01 - Traffic signal,02 - Non-fatal injury,05 - Turning movement
0,Evening,0,0,16-5398,DONALD ST @ ST. LAURENT BLVD,-75.63999076,45.42894299,2016,Jun,3,01 - Clear,01 - Daylight,01 - Dry,01 - Traffic signal,02 - Non-fatal injury,03 - Rear end
0,Night,1,0,16-5436,DONALD ST @ ST. LAURENT BLVD,-75.63999058,45.42895516,2016,Jun,4,01 - Clear,07 - Dark,01 - Dry,01 - Traffic signal,02 - Non-fatal injury,05 - Turning movement
0,Morning,0,0,16-5840,DONALD ST @ ST. LAURENT BLVD,-75.64000805,45.42894312,2016,Jun,17,01 - Clear,01 - Daylight,01 - Dry,01 - Traffic signal,03 - P.D. only,05 - Turning movement
0,Morning,0,0,16-6057,DONALD ST @ ST. LAURENT BLVD,-75.64001369,45.42895128,2016,Jun,24,01 - Clear,01 - Daylight,01 - Dry,01 - Traffic signal,03 - P.D. only,03 - Rear end
0,Night,0,0,16-7041,DONALD ST @ ST. LAURENT BLVD,-75.64000215,45.42894719,2016,Jul,26,01 - Clear,07 - Dark,01 - Dry,01 - Traffic signal,02 - Non-fatal injury,05 - Turning movement
0,Evening,0,0,16-7235,DONALD ST @ ST. LAURENT BLVD,-75.64000803,45.42894921,2016,Aug,2,01 - Clear,01 - Daylight,01 - Dry,01 - Traffic signal,03 - P.D. only,04 - Sideswipe
0,Morning,1,0,16-7765,DONALD ST @ ST. LAURENT BLVD,-75.64000612,45.4289516,2016,Aug,21,02 - Rain,01 - Daylight,02 - Wet,01 - Traffic signal,03 - P.D. only,03 - Rear end
0,Morning,0,0,16-8518,DONALD ST @ ST. LAURENT BLVD,-75.63996774,45.42893773,2016,Sep,16,01 - Clear,01 - Daylight,01 - Dry,01 - Traffic signal,02 - Non-fatal injury,03 - Rear end
0,Night,0,0,16-8858,DONALD ST @ ST. LAURENT BLVD,-75.63999937,45.42894542,2016,Sep,27,02 - Rain,07 - Dark,02 - Wet,01 - Traffic signal,03 - P.D. only,03 - Rear end
0,Afternoon,0,0,16-8918,DONALD ST @ ST. LAURENT BLVD,-75.64001007,45.42893805,2016,Sep,28,01 - Clear,01 - Daylight,01 - Dry,01 - Traffic signal,03 - P.D. only,03 - Rear end
0,Afternoon,0,0,16-9166,DONALD ST @ ST. LAURENT BLVD,-75.64001303,45.42894684,2016,Oct,6,01 - Clear,01 - Daylight,01 - Dry,01 - Traffic signal,03 - P.D. only,03 - Rear end
1,Evening,0,0,16-9900,DONALD ST @ ST. LAURENT BLVD,-75.63999926,45.42895287,2016,Oct,27,03 - Snow,07 - Dark,02 - Wet,01 - Traffic signal,02 - Non-fatal injury,07 - SMV other
0,Evening,0,0,16-10377,DONALD ST @ ST. LAURENT BLVD,-75.64000209,45.42895114,2016,Nov,10,01 - Clear,07 - Dark,01 - Dry,01 - Traffic signal,03 - P.D. only,05 - Turning movement
0,Evening,0,0,16-10558,DONALD ST @ ST. LAURENT BLVD,-75.63999931,45.42894914,2016,Nov,16,01 - Clear,07 - Dark,01 - Dry,01 - Traffic signal,02 - Non-fatal injury,03 - Rear end
0,Morning,0,0,16-10891,DONALD ST @ ST. LAURENT BLVD,-75.63998856,45.42896024,2016,Nov,24,03 - Snow,07 - Dark,03 - Loose snow,01 - Traffic signal,03 - P.D. only,07 - SMV other
0,Afternoon,0,0,16-11740,DONALD ST @ ST. LAURENT BLVD,-75.63999948,45.42893797,2016,Dec,13,01 - Clear,05 - Dusk,02 - Wet,01 - Traffic signal,03 - P.D. only,04 - Sideswipe
0,Evening,0,0,16-11792,DONALD ST @ ST. LAURENT BLVD,-75.63999937,45.42894542,2016,Dec,14,01 - Clear,07 - Dark,03 - Loose snow,01 - Traffic signal,02 - Non-fatal injury,03 - Rear end
0,Morning,0,0,16-12423,DONALD ST @ ST. LAURENT BLVD,-75.63997821,45.42894526,2016,Dec,30,01 - Clear,03 - Dawn,04 - Slush,01 - Traffic signal,03 - P.D. only,03 - Rear end
0,Morning,0,0,16-12752,DONALD ST @ ST. LAURENT BLVD,-75.64000359,45.42894918,2016,Jul,12,01 - Clear,01 - Daylight,01 - Dry,01 - Traffic signal,02 - Non-fatal injury,03 - Rear end
0,Evening,0,0,17-390,DONALD ST @ ST. LAURENT BLVD,-75.64001307,45.42895657,2017,Jan,10,03 - Snow,05 - Dusk,04 - Slush,01 - Traffic signal,03 - P.D. only,05 - Turning movement
1,Morning,0,0,17-558,DONALD ST @ ST. LAURENT BLVD,-75.63999916,45.42895927,2017,Jan,16,01 - Clear,01 - Daylight,01 - Dry,01 - Traffic signal,02 - Non-fatal injury,07 - SMV other
0,Night,0,0,17-1638,DONALD ST @ ST. LAURENT BLVD,-75.64000885,45.42895259,2017,Feb,13,03 - Snow,07 - Dark,04 - Slush,01 - Traffic signal,03 - P.D. only,04 - Sideswipe
0,Morning,0,0,17-2188,DONALD ST @ ST. LAURENT BLVD,-75.63998631,45.42896108,2017,Feb,28,01 - Clear,01 - Daylight,01 - Dry,01 - Traffic signal,03 - P.D. only,03 - Rear end
0,Afternoon,1,0,17-2340,DONALD ST @ ST. LAURENT BLVD,-75.6400052,45.42895984,2017,Mar,4,01 - Clear,01 - Daylight,01 - Dry,01 - Traffic signal,03 - P.D. only,04 - Sideswipe
0,Afternoon,0,0,17-2580,DONALD ST @ ST. LAURENT BLVD,-75.64000368,45.42894316,2017,Mar,10,01 - Clear,01 - Daylight,01 - Dry,01 - Traffic signal,02 - Non-fatal injury,05 - Turning movement
0,Morning,0,0,17-3040,DONALD ST @ ST. LAURENT BLVD,-75.64001204,45.42895526,2017,Mar,24,03 - Snow,01 - Daylight,03 - Loose snow,01 - Traffic signal,03 - P.D. only,03 - Rear end
0,Afternoon,0,0,17-4510,DONALD ST @ ST. LAURENT BLVD,-75.64001204,45.42895526,2017,May,15,01 - Clear,01 - Daylight,01 - Dry,01 - Traffic signal,03 - P.D. only,02 - Angle
0,Afternoon,0,0,17-4882,DONALD ST @ ST. LAURENT BLVD,-75.63998677,45.42893099,2017,May,26,02 - Rain,01 - Daylight,02 - Wet,01 - Traffic signal,03 - P.D. only,03 - Rear end
0,Night,0,0,17-5415,DONALD ST @ ST. LAURENT BLVD,-75.63998668,45.42893701,2017,Jun,12,01 - Clear,07 - Dark,01 - Dry,01 - Traffic signal,02 - Non-fatal injury,02 - Angle
0,Afternoon,0,0,17-5467,DONALD ST @ ST. LAURENT BLVD,-75.63999513,45.42894309,2017,Jun,14,01 - Clear,01 - Daylight,01 - Dry,01 - Traffic signal,03 - P.D. only,03 - Rear end
0,Evening,0,0,17-6582,DONALD ST @ ST. LAURENT BLVD,-75.63999927,45.42895201,2017,Jul,21,01 - Clear,01 - Daylight,01 - Dry,01 - Traffic signal,02 - Non-fatal injury,05 - Turning movement
0,Morning,1,0,17-7152,DONALD ST @ ST. LAURENT BLVD,-75.64000759,45.42894344,2017,Aug,13,01 - Clear,01 - Daylight,01 - Dry,01 - Traffic signal,03 - P.D. only,05 - Turning movement