NO_OF_PEDESTRIANS,TIME (hh),DAY,RED_LIGHT_CAMERA,COLLISION_ID,LOCATION,LONGITUDE,LATITUDE,Year,MONTH,Date,ENVIRONMENT,LIGHT,SURFACE_CONDITION,TRAFFIC_CONTROL,COLLISION_CLASSIFICATION,IMPACT_TYPE
0,Afternoon,0,0,17-7463,DONALD ST @ ST. LAURENT BLVD,-75.63999343,45.42893845,2017,Aug,23,01 - Clear,01 - Daylight,01 - Dry,01 - Traffic signal,03 - P.D. only,05 - Turning movement
0,Evening,0,0,17-8052,DONALD ST @ ST. LAURENT BLVD,-75.64000499,45.4289512,2017,Sep,11,01 - Clear,01 - Daylight,01 - Dry,01 - Traffic signal,03 - P.D. only,03 - Rear end
0,Morning,0,0,17-8150,DONALD ST @ ST. LAURENT BLVD,-75.63999947,45.42893909,2017,Sep,14,01 - Clear,01 - Daylight,01 - Dry,01 - Traffic signal,03 - P.D. only,03 - Rear end
0,Afternoon,0,0,17-8168,DONALD ST @ ST. LAURENT BLVD,-75.64000539,45.42894706,2017,Sep,14,01 - Clear,01 - Daylight,01 - Dry,01 - Traffic signal,03 - P.D. only,03 - Rear end
0,Morning,1,0,17-8512,DONALD ST @ ST. LAURENT BLVD,-75.6400052,45.42895984,2017,Sep,24,01 - Clear,01 - Daylight,01 - Dry,01 - Traffic signal,03 - P.D. only,03 - Rear end
0,Afternoon,0,0,17-8825,DONALD ST @ ST. LAURENT BLVD,-75.63998658,45.42894303,2017,Oct,3,01 - Clear,01 - Daylight,01 - Dry,01 - Traffic signal,02 - Non-fatal injury,05 - Turning movement
0,Afternoon,0,0,17-8900,DONALD ST @ ST. LAURENT BLVD,-75.63999922,45.42895553,2017,Oct,5,01 - Clear,01 - Daylight,01 - Dry,01 - Traffic signal,03 - P.D. only,04 - Sideswipe
0,Morning,0,0,17-8934,DONALD ST @ ST. LAURENT BLVD,-75.6399924,45.42894417,2017,Oct,6,01 - Clear,01 - Daylight,01 - Dry,01 - Traffic signal,03 - P.D. only,05 - Turning movement
0,Morning,0,0,17-9341,DONALD ST @ ST. LAURENT BLVD,-75.64000546,45.4289428,2017,Oct,20,01 - Clear,01 - Daylight,01 - Dry,01 - Traffic signal,02 - Non-fatal injury,05 - Turning movement
0,Afternoon,0,0,17-9793,DONALD ST @ ST. LAURENT BLVD,-75.63998694,45.4289598,2017,Nov,1,01 - Clear,01 - Daylight,01 - Dry,01 - Traffic signal,03 - P.D. only,03 - Rear end
0,Morning,1,0,17-10770,DONALD ST @ ST. LAURENT BLVD,-75.63999504,45.42894911,2017,Nov,26,01 - Clear,01 - Daylight,01 - Dry,01 - Traffic signal,03 - P.D. only,02 - Angle
0,Morning,0,0,17-10858,DONALD ST @ ST. LAURENT BLVD,-75.63999504,45.42894911,2017,Nov,27,01 - Clear,01 - Daylight,01 - Dry,01 - Traffic signal,03 - P.D. only,03 - Rear end
0,Night,0,0,17-10995,DONALD ST @ ST. LAURENT BLVD,-75.6400035,45.42895519,2017,Nov,30,01 - Clear,07 - Dark,01 - Dry,01 - Traffic signal,03 - P.D. only,04 - Sideswipe
0,Night,0,0,17-11053,DONALD ST @ ST. LAURENT BLVD,-75.64001195,45.42896128,2017,Dec,1,01 - Clear,07 - Dark,02 - Wet,01 - Traffic signal,02 - Non-fatal injury,07 - SMV other
0,Afternoon,0,0,17-11278,DONALD ST @ ST. LAURENT BLVD,-75.64000498,45.42895527,2017,Dec,7,01 - Clear,01 - Daylight,01 - Dry,01 - Traffic signal,03 - P.D. only,05 - Turning movement
0,Afternoon,0,0,17-11333,DONALD ST @ ST. LAURENT BLVD,-75.63999934,45.42894711,2017,Dec,8,01 - Clear,01 - Daylight,01 - Dry,01 - Traffic signal,03 - P.D. only,05 - Turning movement
0,Evening,0,0,17-11629,DONALD ST @ ST. LAURENT BLVD,-75.63998725,45.42894692,2017,Dec,13,03 - Snow,07 - Dark,05 - Packed snow,01 - Traffic signal,02 - Non-fatal injury,03 - Rear end
0,Evening,0,0,17-12156,DONALD ST @ ST. LAURENT BLVD,-75.63999336,45.42894271,2017,Dec,22,01 - Clear,07 - Dark,04 - Slush,01 - Traffic signal,02 - Non-fatal injury,05 - Turning movement
0,Evening,0,0,17-12483,DONALD ST @ ST. LAURENT BLVD,-75.63999941,45.42894306,2017,Dec,29,01 - Clear,07 - Dark,01 - Dry,01 - Traffic signal,03 - P.D. only,07 - SMV other
0,Afternoon,0,0,13-13698,HIGHWAY 417 btwn HWY417 IC117 RAMP51 & HWY417 IC117 RAMP35,-75.65867109,45.41731962,2013,Jan,11,01 - Clear,05 - Dusk,02 - Wet,10 - No control,03 - P.D. only,03 - Rear end
0,Morning,0,0,13-13723,HIGHWAY 417 btwn HWY417 IC117 RAMP51 & HWY417 IC117 RAMP35,-75.65904619,45.41729989,2013,Jan,18,01 - Clear,01 - Daylight,01 - Dry,10 - No control,03 - P.D. only,04 - Sideswipe
0,Evening,1,0,13-13737,HIGHWAY 417 btwn HWY417 IC117 RAMP51 & HWY417 IC117 RAMP35,-75.65764189,45.41739521,2013,Jan,19,03 - Snow,07 - Dark,06 - Ice,10 - No control,03 - P.D. only,07 - SMV other
0,Morning,0,0,13-13819,HIGHWAY 417 btwn HWY417 IC117 RAMP51 & HWY417 IC117 RAMP35,-75.65912633,45.41729902,2013,Jan,23,01 - Clear,01 - Daylight,01 - Dry,10 - No control,03 - P.D. only,04 - Sideswipe
0,Morning,1,0,13-13838,HIGHWAY 417 btwn HWY417 IC117 RAMP51 & HWY417 IC117 RAMP35,-75.65913823,45.41727512,2013,Feb,2,03 - Snow,01 - Daylight,03 - Loose snow,10 - No control,03 - P.D. only,04 - Sideswipe
0,Morning,1,0,13-13846,HIGHWAY 417 btwn HWY417 IC117 RAMP51 & HWY417 IC117 RAMP35,-75.6576769,45.41741051,2013,Feb,2,03 - Snow,01 - Daylight,03 - Loose snow,10 - No control,02 - Non-fatal injury,07 - SMV other
0,Morning,1,0,13-13910,HIGHWAY 417 btwn HWY417 IC117 RAMP51 & HWY417 IC117 RAMP35,-75.65399632,45.41835917,2013,Feb,10,01 - Clear,01 - Daylight,01 - Dry,10 - No control,03 - P.D. only,07 - SMV other
0,Evening,0,0,13-14036,HIGHWAY 417 btwn HWY417 IC117 RAMP51 & HWY417 IC117 RAMP35,-75.6577694,45.41738158,2013,Feb,27,03 - Snow,05 - Dusk,03 - Loose snow,10 - No control,03 - P.D. only,04 - Sideswipe
0,Evening,0,0,13-14055,HIGHWAY 417 btwn HWY417 IC117 RAMP51 & HWY417 IC117 RAMP35,-75.65983376,45.41717544,2013,Mar,19,03 - Snow,05 - Dusk,04 - Slush,10 - No control,03 - P.D. only,03 - Rear end
0,Evening,0,0,13-14056,HIGHWAY 417 btwn HWY417 IC117 RAMP51 & HWY417 IC117 RAMP35,-75.65602309,45.41768255,2013,Mar,19,02 - Rain,07 - Dark,04 - Slush,10 - No control,03 - P.D. only,07 - SMV other
0,Evening,0,0,13-14084,HIGHWAY 417 btwn HWY417 IC117 RAMP51 & HWY417 IC117 RAMP35,-75.66061669,45.41714045,2013,Mar,19,03 - Snow,07 - Dark,06 - Ice,10 - No control,03 - P.D. only,07 - SMV other
0,Afternoon,0,0,13-14136,HIGHWAY 417 btwn HWY417 IC117 RAMP51 & HWY417 IC117 RAMP35,-75.66055852,45.41715844,2013,Apr,8,01 - Clear,01 - Daylight,01 - Dry,10 - No control,03 - P.D. only,03 - Rear end
0,Afternoon,0,0,13-14206,HIGHWAY 417 btwn HWY417 IC117 RAMP51 & HWY417 IC117 RAMP35,-75.65597227,45.41770395,2013,Apr,25,01 - Clear,01 - Daylight,01 - Dry,10 - No control,03 - P.D. only,03 - Rear end
0,Morning,0,0,13-14397,HIGHWAY 417 btwn HWY417 IC117 RAMP51 & HWY417 IC117 RAMP35,-75.65898754,45.41730311,2013,Jun,25,01 - Clear,01 - Daylight,01 - Dry,10 - No control,03 - P.D. only,03 - Rear end
0,Afternoon,1,0,13-14504,HIGHWAY 417 btwn HWY417 IC117 RAMP51 & HWY417 IC117 RAMP35,-75.65756601,45.41740755,2013,Jul,27,01 - Clear,01 - Daylight,01 - Dry,10 - No control,03 - P.D. only,03 - Rear end
0,Evening,0,0,13-14520,HIGHWAY 417 btwn HWY417 IC117 RAMP51 & HWY417 IC117 RAMP35,-75.6600871,45.41715518,2013,Jul,31,01 - Clear,01 - Daylight,01 - Dry,10 - No control,03 - P.D. only,03 - Rear end
0,Evening,0,0,13-14545,HIGHWAY 417 btwn HWY417 IC117 RAMP51 & HWY417 IC117 RAMP35,-75.65744657,45.41744479,2013,Aug,9,01 - Clear,01 - Daylight,01 - Dry,10 - No control,02 - Non-fatal injury,03 - Rear end
0,Morning,1,0,13-14572,HIGHWAY 417 btwn HWY417 IC117 RAMP51 & HWY417 IC117 RAMP35,-75.65786007,45.41740411,2013,Aug,10,01 - Clear,01 - Daylight,01 - Dry,10 - No control,03 - P.D. only,04 - Sideswipe
0,Afternoon,0,0,13-14585,HIGHWAY 417 btwn HWY417 IC117 RAMP51 & HWY417 IC117 RAMP35,-75.66034013,45.41717957,2013,Aug,20,01 - Clear,01 - Daylight,01 - Dry,10 - No control,03 - P.D. only,03 - Rear end
0,Evening,0,0,13-14587,HIGHWAY 417 btwn HWY417 IC117 RAMP51 & HWY417 IC117 RAMP35,-75.65544,45.417882,2013,Aug,20,01 - Clear,01 - Daylight,01 - Dry,10 - No control,03 - P.D. only,03 - Rear end
0,Morning,0,0,13-14645,HIGHWAY 417 btwn HWY417 IC117 RAMP51 & HWY417 IC117 RAMP35,-75.65788473,45.41738973,2013,Sep,4,01 - Clear,01 - Daylight,01 - Dry,10 - No control,03 - P.D. only,03 - Rear end
0,Morning,0,0,13-14678,HIGHWAY 417 btwn HWY417 IC117 RAMP51 & HWY417 IC117 RAMP35,-75.65593608,45.41774703,2013,Sep,17,01 - Clear,01 - Daylight,01 - Dry,10 - No control,03 - P.D. only,03 - Rear end
0,Evening,0,0,13-14709,HIGHWAY 417 btwn HWY417 IC117 RAMP51 & HWY417 IC117 RAMP35,-75.65980523,45.41722145,2013,Aug,13,02 - Rain,01 - Daylight,02 - Wet,10 - No control,03 - P.D. only,03 - Rear end
0,Afternoon,0,0,13-14794,HIGHWAY 417 btwn HWY417 IC117 RAMP51 & HWY417 IC117 RAMP35,-75.65864892,45.41729755,2013,Oct,18,01 - Clear,01 - Daylight,01 - Dry,10 - No control,03 - P.D. only,04 - Sideswipe
0,Afternoon,0,0,13-14913,HIGHWAY 417 btwn HWY417 IC117 RAMP51 & HWY417 IC117 RAMP35,-75.6592191,45.41727607,2013,Nov,12,01 - Clear,01 - Daylight,01 - Dry,10 - No control,03 - P.D. only,03 - Rear end
0,Morning,0,0,13-14937,HIGHWAY 417 btwn HWY417 IC117 RAMP51 & HWY417 IC117 RAMP35,-75.65880518,45.41729127,2013,Nov,18,01 - Clear,03 - Dawn,01 - Dry,10 - No control,03 - P.D. only,03 - Rear end
0,Evening,0,0,13-15023,HIGHWAY 417 btwn HWY417 IC117 RAMP51 & HWY417 IC117 RAMP35,-75.66086332,45.41715323,2013,Nov,28,01 - Clear,07 - Dark,01 - Dry,10 - No control,03 - P.D. only,03 - Rear end
0,Morning,1,0,13-15069,HIGHWAY 417 btwn HWY417 IC117 RAMP51 & HWY417 IC117 RAMP35,-75.66073099,45.41713767,2013,Dec,8,01 - Clear,01 - Daylight,01 - Dry,10 - No control,03 - P.D. only,03 - Rear end
0,Morning,0,0,13-15152,HIGHWAY 417 btwn HWY417 IC117 RAMP51 & HWY417 IC117 RAMP35,-75.658713,45.4173194,2013,Dec,17,01 - Clear,07 - Dark,06 - Ice,10 - No control,03 - P.D. only,04 - Sideswipe
0,Morning,0,0,13-15157,HIGHWAY 417 btwn HWY417 IC117 RAMP51 & HWY417 IC117 RAMP35,-75.6587289,45.41733484,2013,Dec,18,01 - Clear,01 - Daylight,02 - Wet,10 - No control,02 - Non-fatal injury,03 - Rear end
0,Evening,0,0,13-15210,HIGHWAY 417 btwn HWY417 IC117 RAMP51 & HWY417 IC117 RAMP35,-75.65862568,45.41731915,2013,Dec,4,01 - Clear,07 - Dark,05 - Packed snow,10 - No control,03 - P.D. only,03 - Rear end
0,Evening,0,0,13-15237,HIGHWAY 417 btwn HWY417 IC117 RAMP51 & HWY417 IC117 RAMP35,-75.65877547,45.41733503,2013,Dec,30,01 - Clear,07 - Dark,01 - Dry,10 - No control,03 - P.D. only,03 - Rear end
0,Afternoon,0,0,14-1261,HIGHWAY 417 btwn HWY417 IC117 RAMP51 & HWY417 IC117 RAMP35,-75.65844135,45.41732816,2014,Jan,27,03 - Snow,01 - Daylight,03 - Loose snow,10 - No control,03 - P.D. only,04 - Sideswipe
0,Morning,0,0,14-5883,HIGHWAY 417 btwn HWY417 IC117 RAMP51 & HWY417 IC117 RAMP35,-75.65792601,45.41737016,2014,Jun,9,01 - Clear,01 - Daylight,01 - Dry,10 - No control,03 - P.D. only,03 - Rear end
0,Afternoon,0,0,14-13523,HIGHWAY 417 btwn HWY417 IC117 RAMP51 & HWY417 IC117 RAMP35,-75.65930332,45.41725974,2014,Jan,3,01 - Clear,01 - Daylight,06 - Ice,10 - No control,03 - P.D. only,03 - Rear end
0,Evening,1,0,14-13527,HIGHWAY 417 btwn HWY417 IC117 RAMP51 & HWY417 IC117 RAMP35,-75.65592215,45.41773556,2014,Jan,4,03 - Snow,05 - Dusk,02 - Wet,10 - No control,03 - P.D. only,03 - Rear end
0,Afternoon,0,0,14-13558,HIGHWAY 417 btwn HWY417 IC117 RAMP51 & HWY417 IC117 RAMP35,-75.65793233,45.41738073,2014,Jan,8,01 - Clear,01 - Daylight,06 - Ice,10 - No control,03 - P.D. only,07 - SMV other
0,Morning,0,0,14-13602,HIGHWAY 417 btwn HWY417 IC117 RAMP51 & HWY417 IC117 RAMP35,-75.65604562,45.41770525,2014,Jan,13,01 - Clear,01 - Daylight,01 - Dry,10 - No control,03 - P.D. only,07 - SMV other
0,Night,0,0,14-13611,HIGHWAY 417 btwn HWY417 IC117 RAMP51 & HWY417 IC117 RAMP35,-75.65796292,45.41739488,2014,Jan,16,01 - Clear,07 - Dark,01 - Dry,10 - No control,03 - P.D. only,04 - Sideswipe
0,Afternoon,0,0,14-13737,HIGHWAY 417 btwn HWY417 IC117 RAMP51 & HWY417 IC117 RAMP35,-75.65779017,45.41735683,2014,Feb,4,01 - Clear,01 - Daylight,01 - Dry,10 - No control,03 - P.D. only,03 - Rear end
0,Afternoon,0,0,14-13815,HIGHWAY 417 btwn HWY417 IC117 RAMP51 & HWY417 IC117 RAMP35,-75.65674692,45.41756148,2014,Feb,24,01 - Clear,01 - Daylight,01 - Dry,10 - No control,03 - P.D. only,07 - SMV other
0,Evening,0,0,14-13829,HIGHWAY 417 btwn HWY417 IC117 RAMP51 & HWY417 IC117 RAMP35,-75.65709576,45.41749739,2014,Feb,28,01 - Clear,01 - Daylight,01 - Dry,10 - No control,03 - P.D. only,03 - Rear end
0,Morning,0,0,14-13830,HIGHWAY 417 btwn HWY417 IC117 RAMP51 & HWY417 IC117 RAMP35,-75.65747256,45.41740634,2014,Feb,28,03 - Snow,01 - Daylight,01 - Dry,10 - No control,03 - P.D. only,07 - SMV other
0,Afternoon,0,0,14-13875,HIGHWAY 417 btwn HWY417 IC117 RAMP51 & HWY417 IC117 RAMP35,-75.65545719,45.41787722,2014,Mar,7,01 - Clear,01 - Daylight,01 - Dry,10 - No control,03 - P.D. only,04 - Sideswipe
0,Morning,1,0,14-13956,HIGHWAY 417 btwn HWY417 IC117 RAMP51 & HWY417 IC117 RAMP35,-75.65674737,45.41753168,2014,Mar,29,01 - Clear,01 - Daylight,01 - Dry,10 - No control,03 - P.D. only,03 - Rear end
0,Afternoon,0,0,14-13962,HIGHWAY 417 btwn HWY417 IC117 RAMP51 & HWY417 IC117 RAMP35,-75.65678382,45.41752342,2014,Apr,2,01 - Clear,01 - Daylight,01 - Dry,10 - No control,03 - P.D. only,04 - Sideswipe
0,Afternoon,1,0,14-14017,HIGHWAY 417 btwn HWY417 IC117 RAMP51 & HWY417 IC117 RAMP35,-75.65610313,45.41768899,2014,Apr,19,01 - Clear,01 - Daylight,01 - Dry,10 - No control,03 - P.D. only,03 - Rear end
0,Evening,0,0,14-14027,HIGHWAY 417 btwn HWY417 IC117 RAMP51 & HWY417 IC117 RAMP35,-75.65681188,45.41750163,2014,Apr,24,01 - Clear,01 - Daylight,01 - Dry,10 - No control,03 - P.D. only,03 - Rear end
0,Morning,0,0,14-14060,HIGHWAY 417 btwn HWY417 IC117 RAMP51 & HWY417 IC117 RAMP35,-75.65681275,45.41752881,2014,May,9,01 - Clear,01 - Daylight,01 - Dry,10 - No control,02 - Non-fatal injury,03 - Rear end
0,Afternoon,0,0,14-14143,HIGHWAY 417 btwn HWY417 IC117 RAMP51 & HWY417 IC117 RAMP35,-75.65923418,45.41726002,2014,Jun,9,01 - Clear,01 - Daylight,01 - Dry,10 - No control,03 - P.D. only,04 - Sideswipe
0,Morning,0,0,14-14150,HIGHWAY 417 btwn HWY417 IC117 RAMP51 & HWY417 IC117 RAMP35,-75.65686884,45.41751705,2014,Jun,5,02 - Rain,01 - Daylight,02 - Wet,10 - No control,03 - P.D. only,04 - Sideswipe
0,Morning,0,0,14-14168,HIGHWAY 417 btwn HWY417 IC117 RAMP51 & HWY417 IC117 RAMP35,-75.65692939,45.41751749,2014,Jun,16,01 - Clear,01 - Daylight,01 - Dry,10 - No control,03 - P.D. only,04 - Sideswipe
0,Morning,1,0,14-14290,HIGHWAY 417 btwn HWY417 IC117 RAMP51 & HWY417 IC117 RAMP35,-75.65923393,45.41727707,2014,Jul,12,01 - Clear,01 - Daylight,01 - Dry,10 - No control,03 - P.D. only,03 - Rear end
0,Evening,1,0,14-14291,HIGHWAY 417 btwn HWY417 IC117 RAMP51 & HWY417 IC117 RAMP35,-75.65776687,45.41738568,2014,Jul,12,01 - Clear,01 - Daylight,01 - Dry,10 - No control,03 - P.D. only,03 - Rear end
0,Afternoon,0,0,14-14296,HIGHWAY 417 btwn HWY417 IC117 RAMP51 & HWY417 IC117 RAMP35,-75.65789995,45.41739519,2014,Jul,11,01 - Clear,01 - Daylight,01 - Dry,10 - No control,03 - P.D. only,03 - Rear end
0,Afternoon,0,0,14-14300,HIGHWAY 417 btwn HWY417 IC117 RAMP51 & HWY417 IC117 RAMP35,-75.65588427,45.41774707,2014,Jul,9,01 - Clear,01 - Daylight,01 - Dry,10 - No control,03 - P.D. only,03 - Rear end
0,Morning,0,0,14-14314,HIGHWAY 417 btwn HWY417 IC117 RAMP51 & HWY417 IC117 RAMP35,-75.6580213,45.41737902,2014,Jul,9,01 - Clear,01 - Daylight,01 - Dry,10 - No control,03 - P.D. only,04 - Sideswipe
0,Afternoon,1,0,14-14320,HIGHWAY 417 btwn HWY417 IC117 RAMP51 & HWY417 IC117 RAMP35,-75.6568445,45.41751534,2014,Jul,12,01 - Clear,01 - Daylight,01 - Dry,10 - No control,03 - P.D. only,03 - Rear end
0,Night,0,0,14-14336,HIGHWAY 417 btwn HWY417 IC117 RAMP51 & HWY417 IC117 RAMP35,-75.65926627,45.41727257,2014,Jul,25,01 - Clear,07 - Dark,01 - Dry,10 - No control,02 - Non-fatal injury,03 - Rear end
0,Evening,1,0,14-14340,HIGHWAY 417 btwn HWY417 IC117 RAMP51 & HWY417 IC117 RAMP35,-75.65416774,45.41833997,2014,Jul,26,01 - Clear,01 - Daylight,01 - Dry,10 - No control,03 - P.D. only,03 - Rear end
0,Afternoon,0,0,14-14342,HIGHWAY 417 btwn HWY417 IC117 RAMP51 & HWY417 IC117 RAMP35,-75.65921009,45.41725131,2014,Jul,23,01 - Clear,01 - Daylight,01 - Dry,10 - No control,03 - P.D. only,03 - Rear end
0,Night,0,0,14-14349,HIGHWAY 417 btwn HWY417 IC117 RAMP51 & HWY417 IC117 RAMP35,-75.65714788,45.41747493,2014,Jul,29,01 - Clear,03 - Dawn,01 - Dry,10 - No control,03 - P.D. only,04 - Sideswipe
0,Afternoon,0,0,14-14422,HIGHWAY 417 btwn HWY417 IC117 RAMP51 & HWY417 IC117 RAMP35,-75.65718446,45.41745815,2014,Aug,22,01 - Clear,01 - Daylight,01 - Dry,10 - No control,03 - P.D. only,04 - Sideswipe
0,Afternoon,0,0,14-14451,HIGHWAY 417 btwn HWY417 IC117 RAMP51 & HWY417 IC117 RAMP35,-75.65360646,45.41852711,2014,Aug,29,01 - Clear,01 - Daylight,01 - Dry,10 - No control,02 - Non-fatal injury,03 - Rear end
0,Evening,0,0,14-14477,HIGHWAY 417 btwn HWY417 IC117 RAMP51 & HWY417 IC117 RAMP35,-75.65921366,45.41724713,2014,Sep,8,01 - Clear,01 - Daylight,01 - Dry,10 - No control,03 - P.D. only,04 - Sideswipe
0,Evening,0,0,14-14493,HIGHWAY 417 btwn HWY417 IC117 RAMP51 & HWY417 IC117 RAMP35,-75.65694646,45.41751607,2014,Sep,11,01 - Clear,01 - Daylight,01 - Dry,10 - No control,03 - P.D. only,03 - Rear end
0,Morning,0,0,14-14518,HIGHWAY 417 btwn HWY417 IC117 RAMP51 & HWY417 IC117 RAMP35,-75.65678407,45.41751642,2014,Sep,24,01 - Clear,01 - Daylight,01 - Dry,10 - No control,03 - P.D. only,04 - Sideswipe
0,Evening,0,0,14-14546,HIGHWAY 417 btwn HWY417 IC117 RAMP51 & HWY417 IC117 RAMP35,-75.65985279,45.41720639,2014,Oct,1,01 - Clear,05 - Dusk,01 - Dry,10 - No control,03 - P.D. only,03 - Rear end
0,Morning,0,0,14-14564,HIGHWAY 417 btwn HWY417 IC117 RAMP51 & HWY417 IC117 RAMP35,-75.65528834,45.41792331,2014,Sep,18,01 - Clear,01 - Daylight,01 - Dry,10 - No control,03 - P.D. only,04 - Sideswipe
0,Evening,0,0,14-14626,HIGHWAY 417 btwn HWY417 IC117 RAMP51 & HWY417 IC117 RAMP35,-75.65689319,45.4175087,2014,Oct,28,01 - Clear,07 - Dark,01 - Dry,10 - No control,03 - P.D. only,03 - Rear end
0,Night,0,0,14-14653,HIGHWAY 417 btwn HWY417 IC117 RAMP51 & HWY417 IC117 RAMP35,-75.66047152,45.41713417,2014,Nov,4,02 - Rain,07 - Dark,02 - Wet,10 - No control,03 - P.D. only,03 - Rear end
0,Morning,0,0,14-14831,HIGHWAY 417 btwn HWY417 IC117 RAMP51 & HWY417 IC117 RAMP35,-75.65803757,45.41736221,2014,Nov,13,01 - Clear,01 - Daylight,01 - Dry,10 - No control,03 - P.D. only,03 - Rear end
0,Morning,0,0,14-14860,HIGHWAY 417 btwn HWY417 IC117 RAMP51 & HWY417 IC117 RAMP35,-75.65920369,45.4172683,2014,Dec,17,01 - Clear,01 - Daylight,01 - Dry,10 - No control,03 - P.D. only,03 - Rear end
0,Afternoon,0,0,14-14861,HIGHWAY 417 btwn HWY417 IC117 RAMP51 & HWY417 IC117 RAMP35,-75.65682047,45.41752432,2014,Dec,18,01 - Clear,07 - Dark,01 - Dry,10 - No control,03 - P.D. only,03 - Rear end
0,Evening,0,0,14-14899,HIGHWAY 417 btwn HWY417 IC117 RAMP51 & HWY417 IC117 RAMP35,-75.66099773,45.41708475,2014,Dec,16,04 - Freezing Rain,07 - Dark,06 - Ice,10 - No control,03 - P.D. only,07 - SMV other
0,Evening,1,0,15-13798,HIGHWAY 417 btwn HWY417 IC117 RAMP51 & HWY417 IC117 RAMP35,-75.66051031,45.41715672,2015,Jan,3,03 - Snow,07 - Dark,03 - Loose snow,10 - No control,03 - P.D. only,07 - SMV other
0,Night,1,0,15-13800,HIGHWAY 417 btwn HWY417 IC117 RAMP51 & HWY417 IC117 RAMP35,-75.65855233,45.41730474,2015,Jan,4,03 - Snow,07 - Dark,03 - Loose snow,10 - No control,03 - P.D. only,07 - SMV other
0,Night,1,0,15-13806,HIGHWAY 417 btwn HWY417 IC117 RAMP51 & HWY417 IC117 RAMP35,-75.65983046,45.41723639,2015,Jan,4,03 - Snow,07 - Dark,03 - Loose snow,10 - No control,03 - P.D. only,07 - SMV other
0,Morning,0,0,15-13833,HIGHWAY 417 btwn HWY417 IC117 RAMP51 & HWY417 IC117 RAMP35,-75.65797945,45.41736549,2015,Jan,6,01 - Clear,01 - Daylight,06 - Ice,10 - No control,03 - P.D. only,07 - SMV other
0,Morning,1,0,15-14120,HIGHWAY 417 btwn HWY417 IC117 RAMP51 & HWY417 IC117 RAMP35,-75.65697157,45.41752049,2015,Feb,14,03 - Snow,01 - Daylight,03 - Loose snow,10 - No control,03 - P.D. only,07 - SMV other
0,Morning,0,0,15-14172,HIGHWAY 417 btwn HWY417 IC117 RAMP51 & HWY417 IC117 RAMP35,-75.65616682,45.41766398,2015,Feb,20,01 - Clear,03 - Dawn,01 - Dry,10 - No control,03 - P.D. only,07 - SMV other
0,Morning,0,0,15-14200,HIGHWAY 417 btwn HWY417 IC117 RAMP51 & HWY417 IC117 RAMP35,-75.65837639,45.41734893,2015,Feb,24,01 - Clear,01 - Daylight,01 - Dry,10 - No control,03 - P.D. only,03 - Rear end
0,Morning,1,0,15-14228,HIGHWAY 417 btwn HWY417 IC117 RAMP51 & HWY417 IC117 RAMP35,-75.65403443,45.41836939,2015,Mar,1,01 - Clear,01 - Daylight,01 - Dry,10 - No control,02 - Non-fatal injury,07 - SMV other
0,Evening,0,0,15-14253,HIGHWAY 417 btwn HWY417 IC117 RAMP51 & HWY417 IC117 RAMP35,-75.65570853,45.41777623,2015,Mar,11,01 - Clear,07 - Dark,01 - Dry,10 - No control,02 - Non-fatal injury,07 - SMV other
0,Night,0,0,15-14272,HIGHWAY 417 btwn HWY417 IC117 RAMP51 & HWY417 IC117 RAMP35,-75.65323665,45.41866235,2015,Mar,17,02 - Rain,07 - Dark,02 - Wet,10 - No control,03 - P.D. only,07 - SMV other
0,Morning,0,0,15-14329,HIGHWAY 417 btwn HWY417 IC117 RAMP51 & HWY417 IC117 RAMP35,-75.65804402,45.41736597,2015,Apr,9,01 - Clear,01 - Daylight,01 - Dry,10 - No control,03 - P.D. only,03 - Rear end
0,Evening,0,0,15-14363,HIGHWAY 417 btwn HWY417 IC117 RAMP51 & HWY417 IC117 RAMP35,-75.65851533,45.41731097,2015,Apr,22,01 - Clear,01 - Daylight,01 - Dry,10 - No control,02 - Non-fatal injury,03 - Rear end
0,Afternoon,1,0,15-14397,HIGHWAY 417 btwn HWY417 IC117 RAMP51 & HWY417 IC117 RAMP35,-75.65743395,45.41744593,2015,May,9,01 - Clear,01 - Daylight,01 - Dry,10 - No control,02 - Non-fatal injury,03 - Rear end