NO_OF_PEDESTRIANS,TIME (hh),DAY,RED_LIGHT_CAMERA,COLLISION_ID,LOCATION,LONGITUDE,LATITUDE,Year,MONTH,Date,ENVIRONMENT,LIGHT,SURFACE_CONDITION,TRAFFIC_CONTROL,COLLISION_CLASSIFICATION,IMPACT_TYPE
0,Morning,0,0,15-14434,HIGHWAY 417 btwn HWY417 IC117 RAMP51 & HWY417 IC117 RAMP35,-75.65716596,45.41747644,2015,May,22,01 - Clear,01 - Daylight,01 - Dry,10 - No control,03 - P.D. only,03 - Rear end
0,Afternoon,0,0,15-14467,HIGHWAY 417 btwn HWY417 IC117 RAMP51 & HWY417 IC117 RAMP35,-75.65829347,45.41734182,2015,Jun,3,01 - Clear,01 - Daylight,01 - Dry,10 - No control,03 - P.D. only,03 - Rear end
0,Afternoon,0,0,15-14500,HIGHWAY 417 btwn HWY417 IC117 RAMP51 & HWY417 IC117 RAMP35,-75.65761921,45.41739532,2015,Jun,11,01 - Clear,01 - Daylight,01 - Dry,10 - No control,03 - P.D. only,03 - Rear end
0,Afternoon,0,0,15-14521,HIGHWAY 417 btwn HWY417 IC117 RAMP51 & HWY417 IC117 RAMP35,-75.65858884,45.417331,2015,Jun,18,01 - Clear,01 - Daylight,01 - Dry,10 - No control,03 - P.D. only,04 - Sideswipe
0,Morning,0,0,15-14540,HIGHWAY 417 btwn HWY417 IC117 RAMP51 & HWY417 IC117 RAMP35,-75.65762834,45.41740189,2015,Jun,23,01 - Clear,01 - Daylight,01 - Dry,10 - No control,03 - P.D. only,03 - Rear end
0,Night,0,0,15-14548,HIGHWAY 417 btwn HWY417 IC117 RAMP51 & HWY417 IC117 RAMP35,-75.6571847,45.41745709,2015,Jun,26,01 - Clear,07 - Dark,01 - Dry,10 - No control,03 - P.D. only,03 - Rear end
0,Night,0,0,15-14549,HIGHWAY 417 btwn HWY417 IC117 RAMP51 & HWY417 IC117 RAMP35,-75.65800712,45.4173657,2015,Jun,26,01 - Clear,07 - Dark,01 - Dry,10 - No control,03 - P.D. only,03 - Rear end
0,Afternoon,0,0,15-14569,HIGHWAY 417 btwn HWY417 IC117 RAMP51 & HWY417 IC117 RAMP35,-75.65722121,45.41748335,2015,Jul,7,01 - Clear,01 - Daylight,01 - Dry,10 - No control,03 - P.D. only,03 - Rear end
0,Evening,0,0,15-14620,HIGHWAY 417 btwn HWY417 IC117 RAMP51 & HWY417 IC117 RAMP35,-75.65879216,45.41730651,2015,Jul,24,01 - Clear,01 - Daylight,01 - Dry,10 - No control,03 - P.D. only,04 - Sideswipe
0,Night,0,0,15-14651,HIGHWAY 417 btwn HWY417 IC117 RAMP51 & HWY417 IC117 RAMP35,-75.65771155,45.41738951,2015,Aug,3,02 - Rain,07 - Dark,02 - Wet,10 - No control,03 - P.D. only,04 - Sideswipe
0,Evening,0,0,15-14781,HIGHWAY 417 btwn HWY417 IC117 RAMP51 & HWY417 IC117 RAMP35,-75.65710129,45.41748246,2015,Sep,16,01 - Clear,01 - Daylight,01 - Dry,10 - No control,03 - P.D. only,04 - Sideswipe
0,Afternoon,0,0,15-14807,HIGHWAY 417 btwn HWY417 IC117 RAMP51 & HWY417 IC117 RAMP35,-75.65767456,45.41739573,2015,Sep,23,01 - Clear,01 - Daylight,01 - Dry,10 - No control,03 - P.D. only,03 - Rear end
0,Morning,0,0,15-14882,HIGHWAY 417 btwn HWY417 IC117 RAMP51 & HWY417 IC117 RAMP35,-75.65576891,45.4177455,2015,Oct,16,01 - Clear,01 - Daylight,01 - Dry,10 - No control,03 - P.D. only,04 - Sideswipe
0,Afternoon,0,0,15-14917,HIGHWAY 417 btwn HWY417 IC117 RAMP51 & HWY417 IC117 RAMP35,-75.65821986,45.41732828,2015,Oct,27,01 - Clear,01 - Daylight,01 - Dry,10 - No control,02 - Non-fatal injury,03 - Rear end
0,Afternoon,0,0,15-14920,HIGHWAY 417 btwn HWY417 IC117 RAMP51 & HWY417 IC117 RAMP35,-75.65842309,45.41731029,2015,Oct,29,01 - Clear,01 - Daylight,01 - Dry,10 - No control,03 - P.D. only,03 - Rear end
0,Afternoon,0,0,15-14940,HIGHWAY 417 btwn HWY417 IC117 RAMP51 & HWY417 IC117 RAMP35,-75.65815481,45.41736029,2015,Oct,30,01 - Clear,01 - Daylight,01 - Dry,10 - No control,03 - P.D. only,03 - Rear end
0,Evening,0,0,15-14953,HIGHWAY 417 btwn HWY417 IC117 RAMP51 & HWY417 IC117 RAMP35,-75.65776719,45.41737043,2015,Nov,5,01 - Clear,07 - Dark,01 - Dry,10 - No control,03 - P.D. only,04 - Sideswipe
0,Evening,0,0,15-15016,HIGHWAY 417 btwn HWY417 IC117 RAMP51 & HWY417 IC117 RAMP35,-75.65765611,45.4173956,2015,Nov,23,01 - Clear,07 - Dark,01 - Dry,10 - No control,03 - P.D. only,03 - Rear end
0,Morning,1,0,16-12802,HIGHWAY 417 btwn HWY417 IC117 RAMP51 & HWY417 IC117 RAMP35,-75.65641589,45.41761727,2016,Jan,9,02 - Rain,07 - Dark,04 - Slush,10 - No control,03 - P.D. only,07 - SMV other
0,Evening,0,0,16-12830,HIGHWAY 417 btwn HWY417 IC117 RAMP51 & HWY417 IC117 RAMP35,-75.65629663,45.41763971,2016,Jan,13,01 - Clear,05 - Dusk,01 - Dry,10 - No control,03 - P.D. only,03 - Rear end
0,Afternoon,1,0,16-12849,HIGHWAY 417 btwn HWY417 IC117 RAMP51 & HWY417 IC117 RAMP35,-75.65671397,45.41754749,2016,Jan,17,01 - Clear,01 - Daylight,04 - Slush,10 - No control,03 - P.D. only,04 - Sideswipe
0,Night,0,0,16-13109,HIGHWAY 417 btwn HWY417 IC117 RAMP51 & HWY417 IC117 RAMP35,-75.65615285,45.41768374,2016,Mar,1,01 - Clear,"08 - Dark, artificial",01 - Dry,10 - No control,03 - P.D. only,07 - SMV other
0,Evening,0,0,16-13219,HIGHWAY 417 btwn HWY417 IC117 RAMP51 & HWY417 IC117 RAMP35,-75.65679829,45.41752804,2016,Apr,5,01 - Clear,01 - Daylight,01 - Dry,10 - No control,03 - P.D. only,03 - Rear end
0,Afternoon,0,0,16-13260,HIGHWAY 417 btwn HWY417 IC117 RAMP51 & HWY417 IC117 RAMP35,-75.65660186,45.4175686,2016,Apr,15,01 - Clear,01 - Daylight,02 - Wet,10 - No control,03 - P.D. only,03 - Rear end
0,Morning,0,0,16-13293,HIGHWAY 417 btwn HWY417 IC117 RAMP51 & HWY417 IC117 RAMP35,-75.65674629,45.41753497,2016,May,5,01 - Clear,01 - Daylight,01 - Dry,10 - No control,02 - Non-fatal injury,03 - Rear end
0,Afternoon,0,0,16-13337,HIGHWAY 417 btwn HWY417 IC117 RAMP51 & HWY417 IC117 RAMP35,-75.6567465,45.41753386,2016,May,24,01 - Clear,01 - Daylight,01 - Dry,10 - No control,03 - P.D. only,04 - Sideswipe
0,Evening,0,0,16-13363,HIGHWAY 417 btwn HWY417 IC117 RAMP51 & HWY417 IC117 RAMP35,-75.65668732,45.41754797,2016,May,31,01 - Clear,01 - Daylight,01 - Dry,10 - No control,03 - P.D. only,04 - Sideswipe
0,Morning,1,0,16-13404,HIGHWAY 417 btwn HWY417 IC117 RAMP51 & HWY417 IC117 RAMP35,-75.65678285,45.41754441,2016,Jun,11,02 - Rain,01 - Daylight,02 - Wet,10 - No control,03 - P.D. only,04 - Sideswipe
0,Afternoon,0,0,16-13423,HIGHWAY 417 btwn HWY417 IC117 RAMP51 & HWY417 IC117 RAMP35,-75.65643905,45.41760115,2016,Jun,15,01 - Clear,01 - Daylight,01 - Dry,10 - No control,03 - P.D. only,03 - Rear end
0,Evening,0,0,16-13424,HIGHWAY 417 btwn HWY417 IC117 RAMP51 & HWY417 IC117 RAMP35,-75.65682262,45.41753251,2016,Jun,15,01 - Clear,01 - Daylight,01 - Dry,10 - No control,03 - P.D. only,03 - Rear end
0,Evening,0,0,16-13434,HIGHWAY 417 btwn HWY417 IC117 RAMP51 & HWY417 IC117 RAMP35,-75.65644891,45.41760016,2016,Jun,17,01 - Clear,01 - Daylight,01 - Dry,10 - No control,02 - Non-fatal injury,03 - Rear end
0,Afternoon,0,0,16-13471,HIGHWAY 417 btwn HWY417 IC117 RAMP51 & HWY417 IC117 RAMP35,-75.65645077,45.41759147,2016,Jun,27,01 - Clear,01 - Daylight,01 - Dry,10 - No control,03 - P.D. only,04 - Sideswipe
0,Afternoon,0,0,16-13511,HIGHWAY 417 btwn HWY417 IC117 RAMP51 & HWY417 IC117 RAMP35,-75.65646693,45.41759707,2016,Jul,7,01 - Clear,01 - Daylight,01 - Dry,10 - No control,03 - P.D. only,03 - Rear end
0,Afternoon,0,0,16-13544,HIGHWAY 417 btwn HWY417 IC117 RAMP51 & HWY417 IC117 RAMP35,-75.6564275,45.41760024,2016,Jul,14,01 - Clear,01 - Daylight,01 - Dry,10 - No control,03 - P.D. only,03 - Rear end
0,Morning,0,0,16-13573,HIGHWAY 417 btwn HWY417 IC117 RAMP51 & HWY417 IC117 RAMP35,-75.65649593,45.41760308,2016,Jul,22,01 - Clear,01 - Daylight,01 - Dry,10 - No control,03 - P.D. only,04 - Sideswipe
0,Afternoon,0,0,16-13604,HIGHWAY 417 btwn HWY417 IC117 RAMP51 & HWY417 IC117 RAMP35,-75.65775966,45.41737593,2016,Aug,4,01 - Clear,01 - Daylight,01 - Dry,10 - No control,03 - P.D. only,03 - Rear end
0,Afternoon,0,0,16-13621,HIGHWAY 417 btwn HWY417 IC117 RAMP51 & HWY417 IC117 RAMP35,-75.65851098,45.41728556,2016,Aug,10,01 - Clear,01 - Daylight,01 - Dry,10 - No control,03 - P.D. only,04 - Sideswipe
0,Afternoon,0,0,16-13622,HIGHWAY 417 btwn HWY417 IC117 RAMP51 & HWY417 IC117 RAMP35,-75.65692246,45.41750298,2016,Aug,10,01 - Clear,01 - Daylight,01 - Dry,10 - No control,03 - P.D. only,03 - Rear end
0,Afternoon,0,0,16-13625,HIGHWAY 417 btwn HWY417 IC117 RAMP51 & HWY417 IC117 RAMP35,-75.65757957,45.41741674,2016,Aug,11,01 - Clear,01 - Daylight,01 - Dry,10 - No control,03 - P.D. only,03 - Rear end
0,Evening,0,0,16-14002,HIGHWAY 417 btwn HWY417 IC117 RAMP51 & HWY417 IC117 RAMP35,-75.65824721,45.41734943,2016,Dec,23,01 - Clear,07 - Dark,01 - Dry,10 - No control,02 - Non-fatal injury,04 - Sideswipe
0,Morning,0,0,17-6113,HIGHWAY 417 btwn HWY417 IC117 RAMP51 & HWY417 IC117 RAMP35,-75.65794784,45.41736528,2017,Jul,5,01 - Clear,01 - Daylight,01 - Dry,10 - No control,03 - P.D. only,03 - Rear end
0,Morning,0,0,17-12821,HIGHWAY 417 btwn HWY417 IC117 RAMP51 & HWY417 IC117 RAMP35,-75.65939169,45.41719523,2017,Jan,3,03 - Snow,01 - Daylight,04 - Slush,10 - No control,03 - P.D. only,03 - Rear end
0,Night,0,0,17-12844,HIGHWAY 417 btwn HWY417 IC117 RAMP51 & HWY417 IC117 RAMP35,-75.66035079,45.4171531,2017,Jan,3,04 - Freezing Rain,07 - Dark,04 - Slush,10 - No control,03 - P.D. only,04 - Sideswipe
0,Evening,0,0,17-12897,HIGHWAY 417 btwn HWY417 IC117 RAMP51 & HWY417 IC117 RAMP35,-75.66032113,45.41718418,2017,Jan,12,02 - Rain,05 - Dusk,02 - Wet,10 - No control,03 - P.D. only,03 - Rear end
0,Morning,1,0,17-12993,HIGHWAY 417 btwn HWY417 IC117 RAMP51 & HWY417 IC117 RAMP35,-75.66069016,45.4171444,2017,Feb,5,03 - Snow,01 - Daylight,04 - Slush,10 - No control,03 - P.D. only,03 - Rear end
0,Afternoon,0,0,17-13025,HIGHWAY 417 btwn HWY417 IC117 RAMP51 & HWY417 IC117 RAMP35,-75.65921761,45.4172394,2017,Feb,10,01 - Clear,01 - Daylight,01 - Dry,10 - No control,03 - P.D. only,04 - Sideswipe
0,Morning,0,0,17-13053,HIGHWAY 417 btwn HWY417 IC117 RAMP51 & HWY417 IC117 RAMP35,-75.65911493,45.41725971,2017,Feb,13,03 - Snow,03 - Dawn,06 - Ice,10 - No control,02 - Non-fatal injury,03 - Rear end
0,Morning,1,0,17-13242,HIGHWAY 417 btwn HWY417 IC117 RAMP51 & HWY417 IC117 RAMP35,-75.65854821,45.41733553,2017,Apr,1,03 - Snow,01 - Daylight,02 - Wet,10 - No control,03 - P.D. only,07 - SMV other
0,Afternoon,0,0,17-13539,HIGHWAY 417 btwn HWY417 IC117 RAMP51 & HWY417 IC117 RAMP35,-75.65904425,45.41730524,2017,Jun,23,01 - Clear,01 - Daylight,01 - Dry,10 - No control,03 - P.D. only,03 - Rear end
0,Afternoon,0,0,17-13553,HIGHWAY 417 btwn HWY417 IC117 RAMP51 & HWY417 IC117 RAMP35,-75.66008016,45.41718668,2017,Jun,27,01 - Clear,01 - Daylight,01 - Dry,10 - No control,03 - P.D. only,03 - Rear end
0,Evening,0,0,17-13586,HIGHWAY 417 btwn HWY417 IC117 RAMP51 & HWY417 IC117 RAMP35,-75.65845094,45.41731885,2017,Jul,5,01 - Clear,01 - Daylight,01 - Dry,10 - No control,03 - P.D. only,03 - Rear end
0,Evening,0,0,17-13587,HIGHWAY 417 btwn HWY417 IC117 RAMP51 & HWY417 IC117 RAMP35,-75.65786603,45.41736787,2017,Jul,5,01 - Clear,01 - Daylight,01 - Dry,10 - No control,02 - Non-fatal injury,03 - Rear end
0,Afternoon,0,0,17-13626,HIGHWAY 417 btwn HWY417 IC117 RAMP51 & HWY417 IC117 RAMP35,-75.65886996,45.41728247,2017,Jul,14,01 - Clear,01 - Daylight,01 - Dry,10 - No control,02 - Non-fatal injury,03 - Rear end
0,Afternoon,0,0,17-13716,HIGHWAY 417 btwn HWY417 IC117 RAMP51 & HWY417 IC117 RAMP35,-75.65901017,45.41729436,2017,Aug,8,01 - Clear,01 - Daylight,01 - Dry,10 - No control,02 - Non-fatal injury,03 - Rear end
0,Afternoon,0,0,17-13739,HIGHWAY 417 btwn HWY417 IC117 RAMP51 & HWY417 IC117 RAMP35,-75.65893797,45.41730149,2017,Aug,15,01 - Clear,01 - Daylight,01 - Dry,10 - No control,03 - P.D. only,04 - Sideswipe
0,Afternoon,0,0,17-13871,HIGHWAY 417 btwn HWY417 IC117 RAMP51 & HWY417 IC117 RAMP35,-75.6586239,45.41732386,2017,Sep,22,01 - Clear,01 - Daylight,01 - Dry,10 - No control,03 - P.D. only,03 - Rear end
0,Morning,0,0,17-13893,HIGHWAY 417 btwn HWY417 IC117 RAMP51 & HWY417 IC117 RAMP35,-75.6591062,45.4172536,2017,Sep,28,01 - Clear,01 - Daylight,01 - Dry,10 - No control,03 - P.D. only,07 - SMV other
0,Evening,0,0,17-14300,HIGHWAY 417 btwn HWY417 IC117 RAMP51 & HWY417 IC117 RAMP35,-75.65763024,45.41740346,2017,Dec,14,01 - Clear,07 - Dark,01 - Dry,10 - No control,03 - P.D. only,03 - Rear end
0,Afternoon,1,0,17-14324,HIGHWAY 417 btwn HWY417 IC117 RAMP51 & HWY417 IC117 RAMP35,-75.65610385,45.41769748,2017,Dec,17,01 - Clear,01 - Daylight,01 - Dry,10 - No control,03 - P.D. only,03 - Rear end
0,Morning,0,0,13-947,MERIVALE RD @ WEST HUNT CLUB RD,-75.72411359,45.33486439,2013,Jan,23,01 - Clear,01 - Daylight,06 - Ice,01 - Traffic signal,03 - P.D. only,03 - Rear end
0,Afternoon,0,0,13-1569,MERIVALE RD @ WEST HUNT CLUB RD,-75.72412555,45.33482802,2013,Feb,4,01 - Clear,01 - Daylight,01 - Dry,01 - Traffic signal,02 - Non-fatal injury,03 - Rear end
0,Morning,0,0,13-1609,MERIVALE RD @ WEST HUNT CLUB RD,-75.72413703,45.3348281,2013,Feb,5,01 - Clear,01 - Daylight,01 - Dry,01 - Traffic signal,03 - P.D. only,03 - Rear end
0,Evening,1,0,13-2773,MERIVALE RD @ WEST HUNT CLUB RD,-75.72413743,45.33479895,2013,Mar,3,01 - Clear,01 - Daylight,01 - Dry,01 - Traffic signal,03 - P.D. only,03 - Rear end
0,Afternoon,0,0,13-3087,MERIVALE RD @ WEST HUNT CLUB RD,-75.72409114,45.33482779,2013,Mar,13,02 - Rain,01 - Daylight,02 - Wet,01 - Traffic signal,03 - P.D. only,03 - Rear end
0,Morning,0,0,13-3155,MERIVALE RD @ WEST HUNT CLUB RD,-75.72412575,45.33481345,2013,Mar,15,03 - Snow,01 - Daylight,03 - Loose snow,01 - Traffic signal,03 - P.D. only,03 - Rear end
0,Morning,0,0,13-3417,MERIVALE RD @ WEST HUNT CLUB RD,-75.72413743,45.33479895,2013,Mar,21,03 - Snow,01 - Daylight,02 - Wet,01 - Traffic signal,03 - P.D. only,03 - Rear end
0,Afternoon,0,0,13-3424,MERIVALE RD @ WEST HUNT CLUB RD,-75.72403407,45.33480554,2013,Mar,21,01 - Clear,01 - Daylight,01 - Dry,01 - Traffic signal,02 - Non-fatal injury,03 - Rear end
0,Evening,0,0,13-3475,MERIVALE RD @ WEST HUNT CLUB RD,-75.72410301,45.33479872,2013,Mar,22,01 - Clear,07 - Dark,01 - Dry,01 - Traffic signal,03 - P.D. only,03 - Rear end
0,Morning,1,0,13-3882,MERIVALE RD @ WEST HUNT CLUB RD,-75.72406889,45.33477662,2013,Apr,6,01 - Clear,01 - Daylight,01 - Dry,01 - Traffic signal,03 - P.D. only,03 - Rear end
0,Morning,0,0,13-3924,MERIVALE RD @ WEST HUNT CLUB RD,-75.72407957,45.334835,2013,Apr,8,01 - Clear,01 - Daylight,01 - Dry,01 - Traffic signal,03 - P.D. only,04 - Sideswipe
0,Morning,0,0,13-4326,MERIVALE RD @ WEST HUNT CLUB RD,-75.72413752,45.33479166,2013,Apr,23,01 - Clear,01 - Daylight,01 - Dry,01 - Traffic signal,03 - P.D. only,04 - Sideswipe
0,Evening,0,0,13-4870,MERIVALE RD @ WEST HUNT CLUB RD,-75.72411468,45.33478422,2013,May,10,02 - Rain,01 - Daylight,02 - Wet,01 - Traffic signal,03 - P.D. only,03 - Rear end
0,Evening,1,0,13-4922,MERIVALE RD @ WEST HUNT CLUB RD,-75.72408026,45.33478399,2013,May,12,02 - Rain,01 - Daylight,02 - Wet,01 - Traffic signal,03 - P.D. only,03 - Rear end
0,Evening,0,0,13-5266,MERIVALE RD @ WEST HUNT CLUB RD,-75.72417184,45.33479919,2013,May,22,02 - Rain,01 - Daylight,02 - Wet,01 - Traffic signal,03 - P.D. only,03 - Rear end
0,Afternoon,0,0,13-6236,MERIVALE RD @ WEST HUNT CLUB RD,-75.72413713,45.33482082,2013,Jun,19,01 - Clear,01 - Daylight,01 - Dry,01 - Traffic signal,03 - P.D. only,03 - Rear end
0,Afternoon,0,0,13-6286,MERIVALE RD @ WEST HUNT CLUB RD,-75.72411388,45.33484252,2013,Jun,21,01 - Clear,01 - Daylight,01 - Dry,01 - Traffic signal,03 - P.D. only,03 - Rear end
0,Morning,0,0,13-6362,MERIVALE RD @ WEST HUNT CLUB RD,-75.72411398,45.33483523,2013,Jun,24,01 - Clear,01 - Daylight,02 - Wet,01 - Traffic signal,02 - Non-fatal injury,03 - Rear end
0,Afternoon,0,0,13-6435,MERIVALE RD @ WEST HUNT CLUB RD,-75.72412555,45.33482802,2013,Jun,25,02 - Rain,01 - Daylight,02 - Wet,01 - Traffic signal,03 - P.D. only,03 - Rear end
0,Afternoon,0,0,13-7220,MERIVALE RD @ WEST HUNT CLUB RD,-75.72411448,45.3347988,2013,Jul,19,02 - Rain,01 - Daylight,02 - Wet,01 - Traffic signal,03 - P.D. only,03 - Rear end
0,Evening,0,0,13-7569,MERIVALE RD @ WEST HUNT CLUB RD,-75.72416047,45.33479182,2013,Jul,30,01 - Clear,07 - Dark,01 - Dry,01 - Traffic signal,03 - P.D. only,03 - Rear end
0,Afternoon,0,0,13-7635,MERIVALE RD @ WEST HUNT CLUB RD,-75.72410211,45.33486431,2013,Aug,1,01 - Clear,01 - Daylight,01 - Dry,01 - Traffic signal,03 - P.D. only,03 - Rear end
0,Evening,0,0,13-7792,MERIVALE RD @ WEST HUNT CLUB RD,-75.72411448,45.3347988,2013,Aug,6,01 - Clear,01 - Daylight,01 - Dry,01 - Traffic signal,03 - P.D. only,03 - Rear end
0,Morning,0,0,13-8499,MERIVALE RD @ WEST HUNT CLUB RD,-75.7240675,45.33487865,2013,Aug,29,01 - Clear,01 - Daylight,01 - Dry,01 - Traffic signal,03 - P.D. only,03 - Rear end
0,Night,0,0,13-8555,MERIVALE RD @ WEST HUNT CLUB RD,-75.72409024,45.33489338,2013,Aug,30,02 - Rain,07 - Dark,02 - Wet,01 - Traffic signal,03 - P.D. only,03 - Rear end
0,Morning,0,0,13-9381,MERIVALE RD @ WEST HUNT CLUB RD,-75.72412595,45.33479887,2013,Sep,20,01 - Clear,01 - Daylight,01 - Dry,01 - Traffic signal,03 - P.D. only,03 - Rear end
0,Morning,0,0,13-9510,MERIVALE RD @ WEST HUNT CLUB RD,-75.72411448,45.3347988,2013,Sep,27,01 - Clear,01 - Daylight,01 - Dry,01 - Traffic signal,03 - P.D. only,03 - Rear end
0,Morning,0,0,13-10121,MERIVALE RD @ WEST HUNT CLUB RD,-75.72407957,45.334835,2013,Oct,15,01 - Clear,01 - Daylight,01 - Dry,01 - Traffic signal,03 - P.D. only,03 - Rear end
0,Morning,0,0,13-10190,MERIVALE RD @ WEST HUNT CLUB RD,-75.72404495,45.33484934,2013,Oct,17,01 - Clear,01 - Daylight,02 - Wet,01 - Traffic signal,01 - Fatal injury,05 - Turning movement
0,Morning,1,0,13-10287,MERIVALE RD @ WEST HUNT CLUB RD,-75.72406799,45.33484221,2013,Oct,19,01 - Clear,01 - Daylight,01 - Dry,01 - Traffic signal,03 - P.D. only,03 - Rear end
0,Afternoon,1,0,13-11118,MERIVALE RD @ WEST HUNT CLUB RD,-75.72412506,45.33486446,2013,Nov,10,02 - Rain,01 - Daylight,02 - Wet,01 - Traffic signal,03 - P.D. only,03 - Rear end
0,Morning,1,0,13-11700,MERIVALE RD @ WEST HUNT CLUB RD,-75.72411438,45.33480608,2013,Nov,23,03 - Snow,01 - Daylight,03 - Loose snow,01 - Traffic signal,03 - P.D. only,04 - Sideswipe
0,Night,0,0,13-12026,MERIVALE RD @ WEST HUNT CLUB RD,-75.72413733,45.33480624,2013,Nov,29,01 - Clear,07 - Dark,06 - Ice,01 - Traffic signal,03 - P.D. only,07 - SMV other
0,Evening,0,0,13-12464,MERIVALE RD @ WEST HUNT CLUB RD,-75.72407977,45.33482043,2013,Dec,10,01 - Clear,07 - Dark,04 - Slush,01 - Traffic signal,03 - P.D. only,03 - Rear end
0,Night,0,0,13-12635,MERIVALE RD @ WEST HUNT CLUB RD,-75.72411458,45.33479151,2013,Dec,13,01 - Clear,07 - Dark,01 - Dry,01 - Traffic signal,03 - P.D. only,03 - Rear end
0,Morning,1,0,13-13092,MERIVALE RD @ WEST HUNT CLUB RD,-75.72409134,45.33481322,2013,Dec,22,04 - Freezing Rain,01 - Daylight,04 - Slush,01 - Traffic signal,03 - P.D. only,02 - Angle
0,Afternoon,0,0,14-720,MERIVALE RD @ WEST HUNT CLUB RD,-75.72410217,45.3347994,2014,Jan,16,01 - Clear,05 - Dusk,01 - Dry,01 - Traffic signal,02 - Non-fatal injury,03 - Rear end
0,Afternoon,0,0,14-883,MERIVALE RD @ WEST HUNT CLUB RD,-75.72409878,45.33479504,2014,Jan,21,01 - Clear,01 - Daylight,01 - Dry,01 - Traffic signal,02 - Non-fatal injury,03 - Rear end
0,Morning,0,0,14-1942,MERIVALE RD @ WEST HUNT CLUB RD,-75.72410872,45.33477805,2014,Feb,11,01 - Clear,01 - Daylight,01 - Dry,01 - Traffic signal,03 - P.D. only,03 - Rear end
0,Afternoon,0,0,14-2608,MERIVALE RD @ WEST HUNT CLUB RD,-75.7241145,45.33479743,2014,Feb,27,01 - Clear,01 - Daylight,02 - Wet,01 - Traffic signal,03 - P.D. only,03 - Rear end
0,Morning,1,0,14-3029,MERIVALE RD @ WEST HUNT CLUB RD,-75.72409651,45.3347865,2014,Mar,9,01 - Clear,01 - Daylight,01 - Dry,01 - Traffic signal,03 - P.D. only,02 - Angle
0,Afternoon,0,0,14-3230,MERIVALE RD @ WEST HUNT CLUB RD,-75.72409674,45.33476944,2014,Mar,14,01 - Clear,01 - Daylight,01 - Dry,01 - Traffic signal,03 - P.D. only,03 - Rear end
0,Afternoon,0,0,14-4356,MERIVALE RD @ WEST HUNT CLUB RD,-75.72409651,45.3347865,2014,Apr,22,02 - Rain,01 - Daylight,02 - Wet,01 - Traffic signal,03 - P.D. only,03 - Rear end
0,Evening,0,0,14-4453,MERIVALE RD @ WEST HUNT CLUB RD,-75.72410848,45.33479511,2014,Apr,25,01 - Clear,01 - Daylight,01 - Dry,01 - Traffic signal,03 - P.D. only,04 - Sideswipe
0,Afternoon,0,0,14-4591,MERIVALE RD @ WEST HUNT CLUB RD,-75.72412097,45.33479747,2014,Apr,30,02 - Rain,01 - Daylight,02 - Wet,01 - Traffic signal,03 - P.D. only,04 - Sideswipe
0,Afternoon,0,0,14-5742,MERIVALE RD @ WEST HUNT CLUB RD,-75.72412069,45.33478666,2014,Jun,4,01 - Clear,01 - Daylight,01 - Dry,01 - Traffic signal,02 - Non-fatal injury,03 - Rear end
0,Afternoon,1,0,14-6609,MERIVALE RD @ WEST HUNT CLUB RD,-75.72410872,45.33477805,2014,Jun,29,01 - Clear,01 - Daylight,01 - Dry,01 - Traffic signal,03 - P.D. only,03 - Rear end
0,Morning,0,0,14-7087,MERIVALE RD @ WEST HUNT CLUB RD,-75.72409651,45.3347865,2014,Jul,15,02 - Rain,01 - Daylight,02 - Wet,01 - Traffic signal,03 - P.D. only,03 - Rear end
0,Evening,1,0,14-7236,MERIVALE RD @ WEST HUNT CLUB RD,-75.72412069,45.33478666,2014,Jul,19,01 - Clear,01 - Daylight,01 - Dry,01 - Traffic signal,03 - P.D. only,03 - Rear end
0,Morning,1,0,14-7265,MERIVALE RD @ WEST HUNT CLUB RD,-75.72410848,45.33479511,2014,Jul,19,01 - Clear,01 - Daylight,01 - Dry,01 - Traffic signal,03 - P.D. only,04 - Sideswipe
0,Morning,0,0,14-8741,MERIVALE RD @ WEST HUNT CLUB RD,-75.72412058,45.33479519,2014,Sep,5,01 - Clear,01 - Daylight,01 - Dry,01 - Traffic signal,03 - P.D. only,04 - Sideswipe
0,Morning,0,0,14-9354,MERIVALE RD @ WEST HUNT CLUB RD,-75.7241086,45.33478658,2014,Sep,22,01 - Clear,01 - Daylight,01 - Dry,01 - Traffic signal,03 - P.D. only,03 - Rear end