NO_OF_PEDESTRIANS,TIME (hh),DAY,RED_LIGHT_CAMERA,COLLISION_ID,LOCATION,LONGITUDE,LATITUDE,Year,MONTH,Date,ENVIRONMENT,LIGHT,SURFACE_CONDITION,TRAFFIC_CONTROL,COLLISION_CLASSIFICATION,IMPACT_TYPE
0,Afternoon,0,0,14-9386,MERIVALE RD @ WEST HUNT CLUB RD,-75.72410551,45.33478974,2014,Sep,23,01 - Clear,01 - Daylight,01 - Dry,01 - Traffic signal,03 - P.D. only,03 - Rear end
0,Afternoon,1,0,14-10523,MERIVALE RD @ WEST HUNT CLUB RD,-75.72411447,45.33479942,2014,Oct,25,02 - Rain,01 - Daylight,02 - Wet,01 - Traffic signal,03 - P.D. only,04 - Sideswipe
0,Morning,0,0,14-10866,MERIVALE RD @ WEST HUNT CLUB RD,-75.7240843,45.33479494,2014,Nov,4,01 - Clear,01 - Daylight,01 - Dry,01 - Traffic signal,03 - P.D. only,03 - Rear end
0,Morning,0,0,14-11437,MERIVALE RD @ WEST HUNT CLUB RD,-75.72413267,45.33479527,2014,Nov,18,01 - Clear,01 - Daylight,01 - Dry,01 - Traffic signal,03 - P.D. only,03 - Rear end
0,Afternoon,0,0,14-11443,MERIVALE RD @ WEST HUNT CLUB RD,-75.72411447,45.33479942,2014,Nov,18,01 - Clear,01 - Daylight,04 - Slush,01 - Traffic signal,03 - P.D. only,03 - Rear end
0,Evening,1,0,14-11677,MERIVALE RD @ WEST HUNT CLUB RD,-75.72410803,45.33479739,2014,Nov,23,01 - Clear,07 - Dark,01 - Dry,01 - Traffic signal,03 - P.D. only,03 - Rear end
0,Afternoon,0,0,14-12264,MERIVALE RD @ WEST HUNT CLUB RD,-75.72413871,45.33479959,2014,Dec,8,01 - Clear,01 - Daylight,01 - Dry,01 - Traffic signal,03 - P.D. only,03 - Rear end
0,Evening,1,0,14-12870,MERIVALE RD @ WEST HUNT CLUB RD,-75.72412648,45.33480806,2014,Dec,20,01 - Clear,07 - Dark,01 - Dry,01 - Traffic signal,03 - P.D. only,03 - Rear end
0,Afternoon,0,0,14-12963,MERIVALE RD @ WEST HUNT CLUB RD,-75.72409011,45.33480781,2014,Dec,23,02 - Rain,01 - Daylight,02 - Wet,01 - Traffic signal,03 - P.D. only,04 - Sideswipe
0,Morning,0,0,14-13105,MERIVALE RD @ WEST HUNT CLUB RD,-75.72411459,45.33479087,2014,Dec,29,01 - Clear,01 - Daylight,01 - Dry,01 - Traffic signal,02 - Non-fatal injury,03 - Rear end
0,Afternoon,0,0,14-13160,MERIVALE RD @ WEST HUNT CLUB RD,-75.72412659,45.33479951,2014,Dec,19,01 - Clear,01 - Daylight,03 - Loose snow,01 - Traffic signal,03 - P.D. only,04 - Sideswipe
0,Evening,0,0,15-461,MERIVALE RD @ WEST HUNT CLUB RD,-75.72411447,45.33479949,2015,Jan,9,01 - Clear,07 - Dark,03 - Loose snow,01 - Traffic signal,03 - P.D. only,04 - Sideswipe
0,Morning,0,0,15-1130,MERIVALE RD @ WEST HUNT CLUB RD,-75.72411447,45.33479949,2015,Jan,20,01 - Clear,07 - Dark,01 - Dry,01 - Traffic signal,03 - P.D. only,04 - Sideswipe
0,Afternoon,0,0,15-1412,MERIVALE RD @ WEST HUNT CLUB RD,-75.72411483,45.33477347,2015,Jan,27,01 - Clear,05 - Dusk,01 - Dry,01 - Traffic signal,03 - P.D. only,03 - Rear end
0,Morning,0,0,15-1447,MERIVALE RD @ WEST HUNT CLUB RD,-75.72410229,45.33479073,2015,Jan,28,01 - Clear,01 - Daylight,02 - Wet,01 - Traffic signal,02 - Non-fatal injury,03 - Rear end
0,Morning,0,0,15-1786,MERIVALE RD @ WEST HUNT CLUB RD,-75.72408988,45.33479932,2015,Feb,2,03 - Snow,01 - Daylight,03 - Loose snow,01 - Traffic signal,03 - P.D. only,03 - Rear end
0,Morning,1,0,15-2572,MERIVALE RD @ WEST HUNT CLUB RD,-75.72408988,45.33479932,2015,Feb,14,03 - Snow,01 - Daylight,03 - Loose snow,01 - Traffic signal,03 - P.D. only,04 - Sideswipe
0,Evening,0,0,15-3412,MERIVALE RD @ WEST HUNT CLUB RD,-75.72411435,45.33480816,2015,Mar,2,01 - Clear,07 - Dark,01 - Dry,01 - Traffic signal,02 - Non-fatal injury,02 - Angle
0,Afternoon,0,0,15-4046,MERIVALE RD @ WEST HUNT CLUB RD,-75.72412097,45.33479747,2015,Mar,23,01 - Clear,01 - Daylight,01 - Dry,01 - Traffic signal,03 - P.D. only,05 - Turning movement
0,Evening,0,0,15-4280,MERIVALE RD @ WEST HUNT CLUB RD,-75.72410217,45.3347994,2015,Mar,26,01 - Clear,07 - Dark,01 - Dry,01 - Traffic signal,03 - P.D. only,03 - Rear end
0,Afternoon,0,0,15-4349,MERIVALE RD @ WEST HUNT CLUB RD,-75.72411447,45.33479949,2015,Mar,31,01 - Clear,01 - Daylight,01 - Dry,01 - Traffic signal,03 - P.D. only,03 - Rear end
0,Afternoon,0,0,15-5110,MERIVALE RD @ WEST HUNT CLUB RD,-75.72412677,45.33479957,2015,Apr,29,01 - Clear,01 - Daylight,01 - Dry,01 - Traffic signal,03 - P.D. only,03 - Rear end
0,Evening,0,0,15-6597,MERIVALE RD @ WEST HUNT CLUB RD,-75.7241144,45.33480488,2015,Jun,12,02 - Rain,01 - Daylight,02 - Wet,01 - Traffic signal,03 - P.D. only,04 - Sideswipe
0,Afternoon,0,0,15-6976,MERIVALE RD @ WEST HUNT CLUB RD,-75.72411475,45.33477894,2015,Jun,23,01 - Clear,01 - Daylight,01 - Dry,01 - Traffic signal,03 - P.D. only,02 - Angle
0,Morning,0,0,15-7015,MERIVALE RD @ WEST HUNT CLUB RD,-75.72412368,45.33479845,2015,Jun,24,01 - Clear,01 - Daylight,01 - Dry,01 - Traffic signal,03 - P.D. only,03 - Rear end
0,Afternoon,0,0,15-7504,MERIVALE RD @ WEST HUNT CLUB RD,-75.72411457,45.33479191,2015,Jul,8,01 - Clear,01 - Daylight,01 - Dry,01 - Traffic signal,03 - P.D. only,03 - Rear end
0,Afternoon,0,0,15-8597,MERIVALE RD @ WEST HUNT CLUB RD,-75.72412368,45.33479845,2015,Aug,12,01 - Clear,01 - Daylight,01 - Dry,01 - Traffic signal,03 - P.D. only,03 - Rear end
0,Afternoon,0,0,15-8823,MERIVALE RD @ WEST HUNT CLUB RD,-75.72411449,45.33479839,2015,Aug,13,01 - Clear,01 - Daylight,01 - Dry,01 - Traffic signal,03 - P.D. only,04 - Sideswipe
0,Evening,0,0,15-9971,MERIVALE RD @ WEST HUNT CLUB RD,-75.72411475,45.33477894,2015,Sep,23,01 - Clear,01 - Daylight,01 - Dry,01 - Traffic signal,03 - P.D. only,02 - Angle
0,Afternoon,1,0,15-10090,MERIVALE RD @ WEST HUNT CLUB RD,-75.72411462,45.33478865,2015,Sep,27,01 - Clear,01 - Daylight,01 - Dry,01 - Traffic signal,02 - Non-fatal injury,07 - SMV other
0,Evening,0,0,15-11785,MERIVALE RD @ WEST HUNT CLUB RD,-75.72412368,45.33479845,2015,Nov,13,02 - Rain,07 - Dark,02 - Wet,01 - Traffic signal,03 - P.D. only,04 - Sideswipe
0,Evening,0,0,15-12013,MERIVALE RD @ WEST HUNT CLUB RD,-75.72413296,45.33479203,2015,Nov,19,01 - Clear,07 - Dark,02 - Wet,01 - Traffic signal,02 - Non-fatal injury,05 - Turning movement
0,Afternoon,0,0,16-195,MERIVALE RD @ WEST HUNT CLUB RD,-75.72414311,45.33480547,2016,Jan,6,01 - Clear,05 - Dusk,01 - Dry,01 - Traffic signal,03 - P.D. only,03 - Rear end
0,Afternoon,0,0,16-1510,MERIVALE RD @ WEST HUNT CLUB RD,-75.72411166,45.33478887,2016,Feb,10,01 - Clear,01 - Daylight,01 - Dry,01 - Traffic signal,03 - P.D. only,04 - Sideswipe
0,Morning,0,0,16-2401,MERIVALE RD @ WEST HUNT CLUB RD,-75.72411335,45.33479522,2016,Feb,26,02 - Rain,01 - Daylight,02 - Wet,01 - Traffic signal,03 - P.D. only,03 - Rear end
0,Morning,0,0,16-2891,MERIVALE RD @ WEST HUNT CLUB RD,-75.72410606,45.33479309,2016,Mar,11,01 - Clear,01 - Daylight,01 - Dry,01 - Traffic signal,03 - P.D. only,03 - Rear end
0,Morning,0,0,16-3233,MERIVALE RD @ WEST HUNT CLUB RD,-75.72411175,45.33478907,2016,Mar,24,04 - Freezing Rain,01 - Daylight,04 - Slush,01 - Traffic signal,03 - P.D. only,03 - Rear end
0,Night,0,0,16-3690,MERIVALE RD @ WEST HUNT CLUB RD,-75.72411164,45.33479715,2016,Apr,7,01 - Clear,07 - Dark,02 - Wet,01 - Traffic signal,02 - Non-fatal injury,07 - SMV other
0,Morning,0,0,16-4035,MERIVALE RD @ WEST HUNT CLUB RD,-75.72412313,45.33479724,2016,Apr,21,01 - Clear,01 - Daylight,01 - Dry,01 - Traffic signal,03 - P.D. only,03 - Rear end
0,Afternoon,0,0,16-4256,MERIVALE RD @ WEST HUNT CLUB RD,-75.72411748,45.33478911,2016,Apr,29,01 - Clear,01 - Daylight,01 - Dry,01 - Traffic signal,02 - Non-fatal injury,03 - Rear end
0,Evening,0,0,16-4994,MERIVALE RD @ WEST HUNT CLUB RD,-75.72411157,45.33480122,2016,May,23,01 - Clear,01 - Daylight,01 - Dry,01 - Traffic signal,03 - P.D. only,03 - Rear end
0,Morning,0,0,16-5230,MERIVALE RD @ WEST HUNT CLUB RD,-75.72410589,45.334791,2016,May,30,01 - Clear,01 - Daylight,01 - Dry,01 - Traffic signal,02 - Non-fatal injury,03 - Rear end
0,Morning,0,0,16-5352,MERIVALE RD @ WEST HUNT CLUB RD,-75.72411725,45.33480109,2016,Jun,2,02 - Rain,01 - Daylight,02 - Wet,01 - Traffic signal,02 - Non-fatal injury,03 - Rear end
0,Evening,0,0,16-5684,MERIVALE RD @ WEST HUNT CLUB RD,-75.72409958,45.33479505,2016,Jun,13,01 - Clear,01 - Daylight,01 - Dry,01 - Traffic signal,03 - P.D. only,03 - Rear end
0,Afternoon,1,0,16-6329,MERIVALE RD @ WEST HUNT CLUB RD,-75.72412897,45.33479934,2016,Jul,2,01 - Clear,01 - Daylight,01 - Dry,01 - Traffic signal,03 - P.D. only,03 - Rear end
0,Morning,0,0,16-6630,MERIVALE RD @ WEST HUNT CLUB RD,-75.724106,45.33478282,2016,Jul,13,01 - Clear,01 - Daylight,01 - Dry,01 - Traffic signal,03 - P.D. only,03 - Rear end
0,Afternoon,0,0,16-6791,MERIVALE RD @ WEST HUNT CLUB RD,-75.72412903,45.33479525,2016,Jul,18,01 - Clear,01 - Daylight,01 - Dry,01 - Traffic signal,03 - P.D. only,03 - Rear end
0,Morning,0,0,16-6906,MERIVALE RD @ WEST HUNT CLUB RD,-75.72412525,45.33478404,2016,Jul,22,01 - Clear,01 - Daylight,01 - Dry,01 - Traffic signal,03 - P.D. only,03 - Rear end
0,Morning,1,0,16-7746,MERIVALE RD @ WEST HUNT CLUB RD,-75.72413493,45.33480252,2016,Aug,20,01 - Clear,01 - Daylight,01 - Dry,01 - Traffic signal,03 - P.D. only,03 - Rear end
0,Morning,1,0,16-8147,MERIVALE RD @ WEST HUNT CLUB RD,-75.72411741,45.33478924,2016,Sep,3,01 - Clear,01 - Daylight,01 - Dry,01 - Traffic signal,02 - Non-fatal injury,07 - SMV other
0,Afternoon,0,0,16-8490,MERIVALE RD @ WEST HUNT CLUB RD,-75.72412535,45.33477659,2016,Sep,15,01 - Clear,01 - Daylight,01 - Dry,01 - Traffic signal,03 - P.D. only,03 - Rear end
0,Morning,0,0,16-9077,MERIVALE RD @ WEST HUNT CLUB RD,-75.72410773,45.33479269,2016,Oct,4,01 - Clear,01 - Daylight,01 - Dry,01 - Traffic signal,02 - Non-fatal injury,03 - Rear end
0,Afternoon,0,0,16-10120,MERIVALE RD @ WEST HUNT CLUB RD,-75.72411468,45.33478397,2016,Nov,3,01 - Clear,01 - Daylight,02 - Wet,01 - Traffic signal,03 - P.D. only,03 - Rear end
0,Afternoon,0,0,16-10471,MERIVALE RD @ WEST HUNT CLUB RD,-75.72412285,45.33480113,2016,Nov,14,01 - Clear,01 - Daylight,01 - Dry,01 - Traffic signal,03 - P.D. only,04 - Sideswipe
0,Evening,0,0,16-11003,MERIVALE RD @ WEST HUNT CLUB RD,-75.72411468,45.33478397,2016,Nov,25,01 - Clear,07 - Dark,02 - Wet,01 - Traffic signal,02 - Non-fatal injury,03 - Rear end
0,Evening,0,0,16-12348,MERIVALE RD @ WEST HUNT CLUB RD,-75.72412525,45.33478404,2016,Dec,27,04 - Freezing Rain,07 - Dark,02 - Wet,01 - Traffic signal,03 - P.D. only,03 - Rear end
0,Morning,0,0,16-12390,MERIVALE RD @ WEST HUNT CLUB RD,-75.72410391,45.3347988,2016,Dec,29,03 - Snow,01 - Daylight,06 - Ice,01 - Traffic signal,03 - P.D. only,03 - Rear end
0,Evening,0,0,17-382,MERIVALE RD @ WEST HUNT CLUB RD,-75.724105,45.33479171,2017,Jan,10,03 - Snow,05 - Dusk,03 - Loose snow,01 - Traffic signal,03 - P.D. only,05 - Turning movement
0,Evening,0,0,17-1764,MERIVALE RD @ WEST HUNT CLUB RD,-75.72411018,45.33480114,2017,Feb,15,03 - Snow,07 - Dark,03 - Loose snow,01 - Traffic signal,03 - P.D. only,04 - Sideswipe
0,Afternoon,0,0,17-1887,MERIVALE RD @ WEST HUNT CLUB RD,-75.72411043,45.33478308,2017,Feb,17,01 - Clear,01 - Daylight,01 - Dry,01 - Traffic signal,03 - P.D. only,04 - Sideswipe
0,Morning,0,0,17-2470,MERIVALE RD @ WEST HUNT CLUB RD,-75.72409312,45.33480102,2017,Mar,8,01 - Clear,01 - Daylight,01 - Dry,01 - Traffic signal,03 - P.D. only,05 - Turning movement
0,Morning,0,0,17-2571,MERIVALE RD @ WEST HUNT CLUB RD,-75.72410173,45.33479506,2017,Mar,10,01 - Clear,01 - Daylight,01 - Dry,01 - Traffic signal,03 - P.D. only,05 - Turning movement
0,Morning,0,0,17-2794,MERIVALE RD @ WEST HUNT CLUB RD,-75.7241101,45.33480716,2017,Mar,17,01 - Clear,01 - Daylight,01 - Dry,01 - Traffic signal,03 - P.D. only,03 - Rear end
0,Afternoon,1,0,17-3139,MERIVALE RD @ WEST HUNT CLUB RD,-75.72409534,45.3347984,2017,Mar,26,01 - Clear,01 - Daylight,01 - Dry,01 - Traffic signal,03 - P.D. only,03 - Rear end
0,Morning,0,0,17-3769,MERIVALE RD @ WEST HUNT CLUB RD,-75.72411035,45.3347891,2017,Apr,19,02 - Rain,01 - Daylight,02 - Wet,01 - Traffic signal,03 - P.D. only,03 - Rear end
0,Morning,0,0,17-3826,MERIVALE RD @ WEST HUNT CLUB RD,-75.72412042,45.33480584,2017,Apr,21,02 - Rain,01 - Daylight,02 - Wet,01 - Traffic signal,02 - Non-fatal injury,03 - Rear end
0,Morning,0,0,17-3836,MERIVALE RD @ WEST HUNT CLUB RD,-75.72410858,45.33478872,2017,Apr,21,01 - Clear,01 - Daylight,02 - Wet,01 - Traffic signal,02 - Non-fatal injury,03 - Rear end
0,Afternoon,0,0,17-4046,MERIVALE RD @ WEST HUNT CLUB RD,-75.72412708,45.33481329,2017,Apr,28,01 - Clear,01 - Daylight,01 - Dry,01 - Traffic signal,03 - P.D. only,03 - Rear end
0,Evening,0,0,17-5268,MERIVALE RD @ WEST HUNT CLUB RD,-75.72414749,45.33481453,2017,Jun,7,01 - Clear,01 - Daylight,01 - Dry,01 - Traffic signal,03 - P.D. only,04 - Sideswipe
0,Afternoon,0,0,17-5731,MERIVALE RD @ WEST HUNT CLUB RD,-75.72411026,45.33479512,2017,Jun,22,01 - Clear,01 - Daylight,01 - Dry,01 - Traffic signal,03 - P.D. only,03 - Rear end
0,Night,0,0,17-6056,MERIVALE RD @ WEST HUNT CLUB RD,-75.72409328,45.33478899,2017,Jul,3,02 - Rain,07 - Dark,02 - Wet,01 - Traffic signal,03 - P.D. only,03 - Rear end
0,Morning,0,0,17-6067,MERIVALE RD @ WEST HUNT CLUB RD,-75.7241188,45.33479518,2017,Jun,30,01 - Clear,01 - Daylight,01 - Dry,01 - Traffic signal,02 - Non-fatal injury,03 - Rear end
0,Morning,0,0,17-6432,MERIVALE RD @ WEST HUNT CLUB RD,-75.72410689,45.33479239,2017,Jul,17,01 - Clear,01 - Daylight,01 - Dry,01 - Traffic signal,02 - Non-fatal injury,03 - Rear end
0,Morning,0,0,17-7536,MERIVALE RD @ WEST HUNT CLUB RD,-75.72411178,45.33478914,2017,Aug,24,01 - Clear,01 - Daylight,01 - Dry,01 - Traffic signal,03 - P.D. only,03 - Rear end
0,Morning,1,0,17-9169,MERIVALE RD @ WEST HUNT CLUB RD,-75.7241146,45.33479023,2017,Oct,14,02 - Rain,01 - Daylight,02 - Wet,01 - Traffic signal,03 - P.D. only,03 - Rear end
0,Morning,1,0,17-9174,MERIVALE RD @ WEST HUNT CLUB RD,-75.72412847,45.33479524,2017,Oct,14,01 - Clear,01 - Daylight,02 - Wet,01 - Traffic signal,03 - P.D. only,03 - Rear end
0,Evening,0,0,17-9913,MERIVALE RD @ WEST HUNT CLUB RD,-75.72412042,45.33480584,2017,Nov,3,01 - Clear,07 - Dark,01 - Dry,01 - Traffic signal,03 - P.D. only,03 - Rear end
0,Afternoon,0,0,17-10073,MERIVALE RD @ WEST HUNT CLUB RD,-75.7241188,45.33479518,2017,Nov,8,01 - Clear,05 - Dusk,01 - Dry,01 - Traffic signal,03 - P.D. only,04 - Sideswipe
0,Afternoon,1,0,17-10194,MERIVALE RD @ WEST HUNT CLUB RD,-75.72410582,45.33477012,2017,Nov,11,01 - Clear,01 - Daylight,01 - Dry,01 - Traffic signal,03 - P.D. only,03 - Rear end
0,Evening,0,0,17-10716,MERIVALE RD @ WEST HUNT CLUB RD,-75.72411871,45.3348012,2017,Nov,24,01 - Clear,07 - Dark,01 - Dry,01 - Traffic signal,03 - P.D. only,03 - Rear end
0,Afternoon,0,0,17-10967,MERIVALE RD @ WEST HUNT CLUB RD,-75.72412733,45.33479524,2017,Nov,29,01 - Clear,01 - Daylight,01 - Dry,01 - Traffic signal,03 - P.D. only,04 - Sideswipe
0,Evening,0,0,17-11212,MERIVALE RD @ WEST HUNT CLUB RD,-75.72410248,45.33479294,2017,Dec,5,01 - Clear,07 - Dark,01 - Dry,01 - Traffic signal,03 - P.D. only,03 - Rear end
0,Morning,0,0,17-11283,MERIVALE RD @ WEST HUNT CLUB RD,-75.72409328,45.33478899,2017,Dec,7,01 - Clear,01 - Daylight,01 - Dry,01 - Traffic signal,03 - P.D. only,04 - Sideswipe
0,Morning,0,0,17-11495,MERIVALE RD @ WEST HUNT CLUB RD,-75.72410236,45.33480146,2017,Dec,12,03 - Snow,01 - Daylight,03 - Loose snow,01 - Traffic signal,02 - Non-fatal injury,02 - Angle
0,Afternoon,0,0,17-12032,MERIVALE RD @ WEST HUNT CLUB RD,-75.7241145,45.33479728,2017,Dec,20,01 - Clear,07 - Dark,01 - Dry,01 - Traffic signal,03 - P.D. only,05 - Turning movement
0,Evening,0,0,17-12175,MERIVALE RD @ WEST HUNT CLUB RD,-75.72410248,45.33479294,2017,Dec,22,03 - Snow,07 - Dark,04 - Slush,01 - Traffic signal,03 - P.D. only,07 - SMV other
0,Evening,0,0,17-12365,MERIVALE RD @ WEST HUNT CLUB RD,-75.72412362,45.33479308,2017,Dec,27,01 - Clear,07 - Dark,01 - Dry,01 - Traffic signal,02 - Non-fatal injury,07 - SMV other
0,Morning,0,0,17-12441,MERIVALE RD @ WEST HUNT CLUB RD,-75.72412048,45.33480594,2017,Dec,29,03 - Snow,07 - Dark,03 - Loose snow,01 - Traffic signal,03 - P.D. only,03 - Rear end
0,Morning,0,0,13-407,INDUSTRIAL AVE/INNES RD @ ST. LAURENT BLVD,-75.62747487,45.40663628,2013,Jan,10,01 - Clear,01 - Daylight,02 - Wet,01 - Traffic signal,03 - P.D. only,03 - Rear end
0,Evening,0,0,13-473,INDUSTRIAL AVE/INNES RD @ ST. LAURENT BLVD,-75.62753107,45.40671688,2013,Jan,11,04 - Freezing Rain,07 - Dark,02 - Wet,01 - Traffic signal,02 - Non-fatal injury,05 - Turning movement
0,Morning,0,0,13-1061,INDUSTRIAL AVE/INNES RD @ ST. LAURENT BLVD,-75.62752014,45.40668035,2013,Jan,24,01 - Clear,01 - Daylight,06 - Ice,01 - Traffic signal,02 - Non-fatal injury,02 - Angle
0,Afternoon,0,0,13-1164,INDUSTRIAL AVE/INNES RD @ ST. LAURENT BLVD,-75.62749728,45.40667289,2013,Jan,25,01 - Clear,01 - Daylight,01 - Dry,01 - Traffic signal,02 - Non-fatal injury,05 - Turning movement
0,Evening,0,0,13-1421,INDUSTRIAL AVE/INNES RD @ ST. LAURENT BLVD,-75.62750888,45.40666569,2013,Jan,30,01 - Clear,05 - Dusk,02 - Wet,01 - Traffic signal,03 - P.D. only,05 - Turning movement
0,Evening,0,0,13-2519,INDUSTRIAL AVE/INNES RD @ ST. LAURENT BLVD,-75.62748613,45.40665094,2013,Feb,19,03 - Snow,05 - Dusk,03 - Loose snow,01 - Traffic signal,02 - Non-fatal injury,03 - Rear end
0,Evening,1,0,13-3008,INDUSTRIAL AVE/INNES RD @ ST. LAURENT BLVD,-75.62749762,45.40665103,2013,Mar,10,01 - Clear,05 - Dusk,01 - Dry,01 - Traffic signal,03 - P.D. only,03 - Rear end
0,Morning,0,0,13-3136,INDUSTRIAL AVE/INNES RD @ ST. LAURENT BLVD,-75.62749728,45.40667289,2013,Mar,15,03 - Snow,01 - Daylight,04 - Slush,01 - Traffic signal,03 - P.D. only,05 - Turning movement
0,Afternoon,0,0,13-4332,INDUSTRIAL AVE/INNES RD @ ST. LAURENT BLVD,-75.62748658,45.40662179,2013,Apr,23,01 - Clear,01 - Daylight,01 - Dry,01 - Traffic signal,03 - P.D. only,03 - Rear end
0,Evening,0,0,13-4563,INDUSTRIAL AVE/INNES RD @ ST. LAURENT BLVD,-75.62748658,45.40662179,2013,May,1,01 - Clear,01 - Daylight,01 - Dry,01 - Traffic signal,03 - P.D. only,03 - Rear end
0,Morning,0,0,13-4769,INDUSTRIAL AVE/INNES RD @ ST. LAURENT BLVD,-75.627509,45.4066584,2013,May,8,01 - Clear,01 - Daylight,01 - Dry,01 - Traffic signal,02 - Non-fatal injury,03 - Rear end
0,Evening,0,0,13-7166,INDUSTRIAL AVE/INNES RD @ ST. LAURENT BLVD,-75.62750911,45.40665112,2013,Jul,18,01 - Clear,01 - Daylight,01 - Dry,01 - Traffic signal,03 - P.D. only,03 - Rear end
0,Evening,0,0,13-7363,INDUSTRIAL AVE/INNES RD @ ST. LAURENT BLVD,-75.62743996,45.40666516,2013,Jul,24,01 - Clear,07 - Dark,01 - Dry,01 - Traffic signal,03 - P.D. only,05 - Turning movement
0,Evening,0,0,13-7397,INDUSTRIAL AVE/INNES RD @ ST. LAURENT BLVD,-75.62747431,45.40667271,2013,Jul,25,01 - Clear,01 - Daylight,01 - Dry,01 - Traffic signal,03 - P.D. only,03 - Rear end
0,Afternoon,0,0,13-8300,INDUSTRIAL AVE/INNES RD @ ST. LAURENT BLVD,-75.62748613,45.40665094,2013,Aug,22,02 - Rain,01 - Daylight,02 - Wet,01 - Traffic signal,03 - P.D. only,03 - Rear end
0,Afternoon,0,0,13-8851,INDUSTRIAL AVE/INNES RD @ ST. LAURENT BLVD,-75.62748602,45.40665823,2013,Sep,9,01 - Clear,01 - Daylight,01 - Dry,01 - Traffic signal,03 - P.D. only,04 - Sideswipe
0,Morning,0,0,13-8925,INDUSTRIAL AVE/INNES RD @ ST. LAURENT BLVD,-75.627509,45.4066584,2013,Sep,11,01 - Clear,01 - Daylight,01 - Dry,01 - Traffic signal,03 - P.D. only,03 - Rear end
0,Night,1,0,13-9829,INDUSTRIAL AVE/INNES RD @ ST. LAURENT BLVD,-75.62749751,45.40665832,2013,Oct,6,01 - Clear,07 - Dark,01 - Dry,01 - Traffic signal,03 - P.D. only,05 - Turning movement
0,Morning,0,0,13-10493,INDUSTRIAL AVE/INNES RD @ ST. LAURENT BLVD,-75.62740494,45.40670134,2013,Oct,25,01 - Clear,01 - Daylight,01 - Dry,01 - Traffic signal,03 - P.D. only,03 - Rear end
0,Morning,0,0,13-11020,INDUSTRIAL AVE/INNES RD @ ST. LAURENT BLVD,-75.62747364,45.40671644,2013,Nov,7,01 - Clear,03 - Dawn,01 - Dry,01 - Traffic signal,03 - P.D. only,02 - Angle
0,Afternoon,1,0,13-11368,INDUSTRIAL AVE/INNES RD @ ST. LAURENT BLVD,-75.62747397,45.40669458,2013,Nov,17,01 - Clear,01 - Daylight,01 - Dry,01 - Traffic signal,03 - P.D. only,03 - Rear end
0,Morning,0,0,13-12143,INDUSTRIAL AVE/INNES RD @ ST. LAURENT BLVD,-75.6274635,45.4066289,2013,Dec,3,01 - Clear,01 - Daylight,02 - Wet,01 - Traffic signal,03 - P.D. only,03 - Rear end
0,Afternoon,0,0,13-12152,INDUSTRIAL AVE/INNES RD @ ST. LAURENT BLVD,-75.62742859,45.40665779,2013,Dec,3,01 - Clear,01 - Daylight,06 - Ice,01 - Traffic signal,03 - P.D. only,03 - Rear end
0,Afternoon,0,0,13-12187,INDUSTRIAL AVE/INNES RD @ ST. LAURENT BLVD,-75.6274626,45.4066872,2013,Dec,4,01 - Clear,01 - Daylight,02 - Wet,01 - Traffic signal,02 - Non-fatal injury,03 - Rear end
0,Afternoon,1,0,13-12318,INDUSTRIAL AVE/INNES RD @ ST. LAURENT BLVD,-75.62746294,45.40666534,2013,Dec,7,01 - Clear,01 - Daylight,01 - Dry,01 - Traffic signal,03 - P.D. only,03 - Rear end
0,Evening,0,0,13-12413,INDUSTRIAL AVE/INNES RD @ ST. LAURENT BLVD,-75.62752048,45.40665849,2013,Dec,9,02 - Rain,07 - Dark,02 - Wet,01 - Traffic signal,03 - P.D. only,03 - Rear end
0,Afternoon,0,0,14-261,INDUSTRIAL AVE/INNES RD @ ST. LAURENT BLVD,-75.62748705,45.40666156,2014,Jan,3,01 - Clear,01 - Daylight,01 - Dry,01 - Traffic signal,03 - P.D. only,03 - Rear end
0,Afternoon,0,0,14-1319,INDUSTRIAL AVE/INNES RD @ ST. LAURENT BLVD,-75.62747835,45.40666811,2014,Jan,28,01 - Clear,01 - Daylight,02 - Wet,01 - Traffic signal,02 - Non-fatal injury,03 - Rear end