NO_OF_PEDESTRIANS,TIME (hh),DAY,RED_LIGHT_CAMERA,COLLISION_ID,LOCATION,LONGITUDE,LATITUDE,Year,MONTH,Date,ENVIRONMENT,LIGHT,SURFACE_CONDITION,TRAFFIC_CONTROL,COLLISION_CLASSIFICATION,IMPACT_TYPE
0,Morning,0,0,14-2309,INDUSTRIAL AVE/INNES RD @ ST. LAURENT BLVD,-75.6275123,45.40663222,2014,Feb,12,03 - Snow,01 - Daylight,03 - Loose snow,01 - Traffic signal,03 - P.D. only,03 - Rear end
0,Morning,0,0,14-3659,INDUSTRIAL AVE/INNES RD @ ST. LAURENT BLVD,-75.62743436,45.40665578,2014,Mar,28,01 - Clear,01 - Daylight,01 - Dry,01 - Traffic signal,03 - P.D. only,03 - Rear end
0,Morning,1,0,14-4114,INDUSTRIAL AVE/INNES RD @ ST. LAURENT BLVD,-75.62746792,45.40665444,2014,Apr,12,01 - Clear,01 - Daylight,01 - Dry,01 - Traffic signal,03 - P.D. only,04 - Sideswipe
0,Morning,0,0,14-4224,INDUSTRIAL AVE/INNES RD @ ST. LAURENT BLVD,-75.62748029,45.40663748,2014,Apr,16,01 - Clear,01 - Daylight,01 - Dry,01 - Traffic signal,03 - P.D. only,05 - Turning movement
0,Afternoon,0,0,14-4399,INDUSTRIAL AVE/INNES RD @ ST. LAURENT BLVD,-75.62749174,45.40668021,2014,Apr,21,01 - Clear,01 - Daylight,01 - Dry,01 - Traffic signal,03 - P.D. only,03 - Rear end
0,Morning,0,0,14-4557,INDUSTRIAL AVE/INNES RD @ ST. LAURENT BLVD,-75.62749524,45.40668061,2014,Apr,29,01 - Clear,01 - Daylight,01 - Dry,01 - Traffic signal,03 - P.D. only,04 - Sideswipe
0,Morning,0,0,14-4769,INDUSTRIAL AVE/INNES RD @ ST. LAURENT BLVD,-75.62750424,45.40665472,2014,May,7,01 - Clear,01 - Daylight,01 - Dry,01 - Traffic signal,03 - P.D. only,03 - Rear end
0,Afternoon,0,0,14-5055,INDUSTRIAL AVE/INNES RD @ ST. LAURENT BLVD,-75.62750437,45.40664619,2014,May,15,01 - Clear,01 - Daylight,01 - Dry,01 - Traffic signal,03 - P.D. only,02 - Angle
0,Afternoon,0,0,14-5321,INDUSTRIAL AVE/INNES RD @ ST. LAURENT BLVD,-75.62750424,45.40665472,2014,May,23,01 - Clear,01 - Daylight,01 - Dry,01 - Traffic signal,03 - P.D. only,03 - Rear end
0,Afternoon,0,0,14-5454,INDUSTRIAL AVE/INNES RD @ ST. LAURENT BLVD,-75.627492,45.40666316,2014,May,27,01 - Clear,01 - Daylight,01 - Dry,01 - Traffic signal,03 - P.D. only,03 - Rear end
0,Afternoon,0,0,14-5781,INDUSTRIAL AVE/INNES RD @ ST. LAURENT BLVD,-75.62750437,45.40664619,2014,Jun,5,01 - Clear,01 - Daylight,01 - Dry,01 - Traffic signal,02 - Non-fatal injury,03 - Rear end
0,Evening,0,0,14-6452,INDUSTRIAL AVE/INNES RD @ ST. LAURENT BLVD,-75.62749239,45.40663757,2014,Jun,24,02 - Rain,01 - Daylight,02 - Wet,01 - Traffic signal,02 - Non-fatal injury,03 - Rear end
0,Night,0,0,14-6577,INDUSTRIAL AVE/INNES RD @ ST. LAURENT BLVD,-75.62748981,45.4066652,2014,Jun,27,01 - Clear,07 - Dark,01 - Dry,01 - Traffic signal,03 - P.D. only,03 - Rear end
0,Afternoon,0,0,14-7058,INDUSTRIAL AVE/INNES RD @ ST. LAURENT BLVD,-75.62749245,45.40666147,2014,Jul,14,01 - Clear,01 - Daylight,01 - Dry,01 - Traffic signal,03 - P.D. only,03 - Rear end
0,Morning,0,0,14-7133,INDUSTRIAL AVE/INNES RD @ ST. LAURENT BLVD,-75.62747989,45.40666306,2014,Jul,16,01 - Clear,01 - Daylight,01 - Dry,01 - Traffic signal,03 - P.D. only,03 - Rear end
0,Morning,1,0,14-7458,INDUSTRIAL AVE/INNES RD @ ST. LAURENT BLVD,-75.62747466,45.40666508,2014,Jul,27,01 - Clear,01 - Daylight,01 - Dry,01 - Traffic signal,03 - P.D. only,03 - Rear end
0,Evening,0,0,14-7794,INDUSTRIAL AVE/INNES RD @ ST. LAURENT BLVD,-75.62748002,45.40665454,2014,Aug,6,02 - Rain,07 - Dark,02 - Wet,01 - Traffic signal,03 - P.D. only,05 - Turning movement
0,Morning,0,0,14-7942,INDUSTRIAL AVE/INNES RD @ ST. LAURENT BLVD,-75.62748016,45.40664601,2014,Aug,12,01 - Clear,01 - Daylight,01 - Dry,01 - Traffic signal,03 - P.D. only,04 - Sideswipe
0,Morning,0,0,14-8455,INDUSTRIAL AVE/INNES RD @ ST. LAURENT BLVD,-75.62747976,45.40667159,2014,Aug,27,01 - Clear,01 - Daylight,01 - Dry,01 - Traffic signal,03 - P.D. only,04 - Sideswipe
0,Evening,0,0,14-8769,INDUSTRIAL AVE/INNES RD @ ST. LAURENT BLVD,-75.62748002,45.40665454,2014,Sep,5,01 - Clear,07 - Dark,01 - Dry,01 - Traffic signal,03 - P.D. only,05 - Turning movement
0,Evening,0,0,14-9384,INDUSTRIAL AVE/INNES RD @ ST. LAURENT BLVD,-75.6275045,45.40663766,2014,Sep,23,01 - Clear,05 - Dusk,01 - Dry,01 - Traffic signal,03 - P.D. only,04 - Sideswipe
0,Morning,0,0,14-9926,INDUSTRIAL AVE/INNES RD @ ST. LAURENT BLVD,-75.62748029,45.40663748,2014,Oct,8,01 - Clear,01 - Daylight,01 - Dry,01 - Traffic signal,03 - P.D. only,03 - Rear end
0,Afternoon,0,0,14-9972,INDUSTRIAL AVE/INNES RD @ ST. LAURENT BLVD,-75.62750437,45.40664619,2014,Oct,9,02 - Rain,01 - Daylight,02 - Wet,01 - Traffic signal,03 - P.D. only,03 - Rear end
0,Morning,0,0,14-10740,INDUSTRIAL AVE/INNES RD @ ST. LAURENT BLVD,-75.62748588,45.4066674,2014,Oct,31,01 - Clear,01 - Daylight,01 - Dry,01 - Traffic signal,03 - P.D. only,03 - Rear end
0,Morning,0,0,14-11427,INDUSTRIAL AVE/INNES RD @ ST. LAURENT BLVD,-75.62751635,45.40665481,2014,Nov,18,01 - Clear,01 - Daylight,01 - Dry,01 - Traffic signal,02 - Non-fatal injury,03 - Rear end
0,Afternoon,0,0,14-11606,INDUSTRIAL AVE/INNES RD @ ST. LAURENT BLVD,-75.62748588,45.4066674,2014,Nov,21,01 - Clear,01 - Daylight,01 - Dry,01 - Traffic signal,03 - P.D. only,03 - Rear end
0,Morning,1,0,14-11637,INDUSTRIAL AVE/INNES RD @ ST. LAURENT BLVD,-75.62743687,45.40665412,2014,Nov,22,01 - Clear,01 - Daylight,01 - Dry,01 - Traffic signal,03 - P.D. only,05 - Turning movement
0,Morning,0,0,14-11793,INDUSTRIAL AVE/INNES RD @ ST. LAURENT BLVD,-75.62747401,45.40665021,2014,Nov,27,01 - Clear,01 - Daylight,01 - Dry,01 - Traffic signal,02 - Non-fatal injury,05 - Turning movement
0,Night,0,0,14-12409,INDUSTRIAL AVE/INNES RD @ ST. LAURENT BLVD,-75.62748601,45.40665886,2014,Dec,11,03 - Snow,07 - Dark,04 - Slush,01 - Traffic signal,03 - P.D. only,03 - Rear end
0,Afternoon,0,0,14-12620,INDUSTRIAL AVE/INNES RD @ ST. LAURENT BLVD,-75.62750513,45.40665464,2014,Dec,15,01 - Clear,05 - Dusk,01 - Dry,01 - Traffic signal,03 - P.D. only,03 - Rear end
0,Morning,0,0,15-142,INDUSTRIAL AVE/INNES RD @ ST. LAURENT BLVD,-75.62748614,45.40665025,2015,Jan,5,01 - Clear,01 - Daylight,04 - Slush,01 - Traffic signal,03 - P.D. only,03 - Rear end
0,Afternoon,0,0,15-289,INDUSTRIAL AVE/INNES RD @ ST. LAURENT BLVD,-75.62748601,45.40665892,2015,Jan,7,01 - Clear,01 - Daylight,04 - Slush,01 - Traffic signal,03 - P.D. only,03 - Rear end
0,Evening,0,0,15-311,INDUSTRIAL AVE/INNES RD @ ST. LAURENT BLVD,-75.62749859,45.40664167,2015,Jan,7,01 - Clear,07 - Dark,01 - Dry,01 - Traffic signal,03 - P.D. only,03 - Rear end
0,Evening,0,0,15-878,INDUSTRIAL AVE/INNES RD @ ST. LAURENT BLVD,-75.62749832,45.40665901,2015,Jan,16,01 - Clear,07 - Dark,01 - Dry,01 - Traffic signal,03 - P.D. only,03 - Rear end
0,Afternoon,0,0,15-2066,INDUSTRIAL AVE/INNES RD @ ST. LAURENT BLVD,-75.62751063,45.40665911,2015,Feb,5,03 - Snow,01 - Daylight,05 - Packed snow,01 - Traffic signal,03 - P.D. only,03 - Rear end
0,Morning,1,0,15-2190,INDUSTRIAL AVE/INNES RD @ ST. LAURENT BLVD,-75.62749859,45.40664167,2015,Feb,8,03 - Snow,01 - Daylight,03 - Loose snow,01 - Traffic signal,02 - Non-fatal injury,02 - Angle
0,Morning,0,0,15-2339,INDUSTRIAL AVE/INNES RD @ ST. LAURENT BLVD,-75.62749859,45.40664167,2015,Feb,11,01 - Clear,01 - Daylight,03 - Loose snow,01 - Traffic signal,02 - Non-fatal injury,03 - Rear end
0,Morning,0,0,15-2474,INDUSTRIAL AVE/INNES RD @ ST. LAURENT BLVD,-75.62746179,45.40663271,2015,Feb,13,01 - Clear,01 - Daylight,06 - Ice,01 - Traffic signal,03 - P.D. only,03 - Rear end
0,Morning,1,0,15-2542,INDUSTRIAL AVE/INNES RD @ ST. LAURENT BLVD,-75.62749832,45.40665901,2015,Feb,14,03 - Snow,07 - Dark,03 - Loose snow,01 - Traffic signal,03 - P.D. only,07 - SMV other
0,Afternoon,0,0,15-2821,INDUSTRIAL AVE/INNES RD @ ST. LAURENT BLVD,-75.6274741,45.40663281,2015,Feb,19,01 - Clear,01 - Daylight,01 - Dry,01 - Traffic signal,03 - P.D. only,03 - Rear end
0,Afternoon,0,0,15-3242,INDUSTRIAL AVE/INNES RD @ ST. LAURENT BLVD,-75.62748614,45.40665025,2015,Feb,26,01 - Clear,01 - Daylight,01 - Dry,01 - Traffic signal,03 - P.D. only,04 - Sideswipe
0,Evening,0,0,15-3888,INDUSTRIAL AVE/INNES RD @ ST. LAURENT BLVD,-75.6274737,45.40665882,2015,Mar,17,01 - Clear,01 - Daylight,01 - Dry,01 - Traffic signal,03 - P.D. only,03 - Rear end
0,Afternoon,0,0,15-5270,INDUSTRIAL AVE/INNES RD @ ST. LAURENT BLVD,-75.62748613,45.40665134,2015,May,4,01 - Clear,01 - Daylight,01 - Dry,01 - Traffic signal,03 - P.D. only,04 - Sideswipe
0,Afternoon,0,0,15-5546,INDUSTRIAL AVE/INNES RD @ ST. LAURENT BLVD,-75.62746782,45.40664471,2015,May,12,01 - Clear,01 - Daylight,01 - Dry,01 - Traffic signal,02 - Non-fatal injury,03 - Rear end
0,Evening,0,0,15-5793,INDUSTRIAL AVE/INNES RD @ ST. LAURENT BLVD,-75.62748593,45.40666431,2015,May,20,01 - Clear,01 - Daylight,01 - Dry,01 - Traffic signal,03 - P.D. only,03 - Rear end
0,Night,0,0,15-6151,INDUSTRIAL AVE/INNES RD @ ST. LAURENT BLVD,-75.62748597,45.40666142,2015,May,25,02 - Rain,07 - Dark,02 - Wet,01 - Traffic signal,03 - P.D. only,05 - Turning movement
0,Morning,0,0,15-6741,INDUSTRIAL AVE/INNES RD @ ST. LAURENT BLVD,-75.62748613,45.40665134,2015,Jun,17,01 - Clear,01 - Daylight,01 - Dry,01 - Traffic signal,03 - P.D. only,02 - Angle
0,Morning,0,0,15-7916,INDUSTRIAL AVE/INNES RD @ ST. LAURENT BLVD,-75.62749523,45.40665789,2015,Jul,21,01 - Clear,01 - Daylight,01 - Dry,01 - Traffic signal,02 - Non-fatal injury,05 - Turning movement
0,Morning,0,0,15-8208,INDUSTRIAL AVE/INNES RD @ ST. LAURENT BLVD,-75.62748593,45.40666431,2015,Jul,30,01 - Clear,01 - Daylight,01 - Dry,01 - Traffic signal,03 - P.D. only,03 - Rear end
0,Morning,0,0,15-8382,INDUSTRIAL AVE/INNES RD @ ST. LAURENT BLVD,-75.62747702,45.40664478,2015,Aug,5,01 - Clear,01 - Daylight,01 - Dry,01 - Traffic signal,03 - P.D. only,03 - Rear end
0,Morning,0,0,15-8442,INDUSTRIAL AVE/INNES RD @ ST. LAURENT BLVD,-75.6274953,45.40665384,2015,Aug,7,01 - Clear,01 - Daylight,01 - Dry,01 - Traffic signal,03 - P.D. only,04 - Sideswipe
0,Afternoon,0,0,15-8448,INDUSTRIAL AVE/INNES RD @ ST. LAURENT BLVD,-75.62747682,45.40665775,2015,Aug,7,01 - Clear,01 - Daylight,01 - Dry,01 - Traffic signal,03 - P.D. only,03 - Rear end
0,Morning,0,0,15-8515,INDUSTRIAL AVE/INNES RD @ ST. LAURENT BLVD,-75.62749553,45.40663844,2015,Aug,10,01 - Clear,01 - Daylight,01 - Dry,01 - Traffic signal,03 - P.D. only,03 - Rear end
0,Morning,0,0,15-9225,INDUSTRIAL AVE/INNES RD @ ST. LAURENT BLVD,-75.62748613,45.40665134,2015,Sep,1,01 - Clear,01 - Daylight,01 - Dry,01 - Traffic signal,03 - P.D. only,03 - Rear end
0,Morning,0,0,15-9226,INDUSTRIAL AVE/INNES RD @ ST. LAURENT BLVD,-75.62750474,45.40663851,2015,Sep,1,01 - Clear,01 - Daylight,01 - Dry,01 - Traffic signal,03 - P.D. only,04 - Sideswipe
0,Afternoon,0,0,15-9446,INDUSTRIAL AVE/INNES RD @ ST. LAURENT BLVD,-75.62748613,45.40665134,2015,Sep,8,01 - Clear,01 - Daylight,01 - Dry,01 - Traffic signal,03 - P.D. only,04 - Sideswipe
0,Afternoon,1,0,15-9594,INDUSTRIAL AVE/INNES RD @ ST. LAURENT BLVD,-75.62746772,45.4066512,2015,Sep,12,02 - Rain,01 - Daylight,02 - Wet,01 - Traffic signal,03 - P.D. only,03 - Rear end
0,Evening,0,0,15-9897,INDUSTRIAL AVE/INNES RD @ ST. LAURENT BLVD,-75.62748613,45.40665134,2015,Sep,21,01 - Clear,01 - Daylight,01 - Dry,01 - Traffic signal,03 - P.D. only,07 - SMV other
0,Afternoon,0,0,15-9990,INDUSTRIAL AVE/INNES RD @ ST. LAURENT BLVD,-75.62748628,45.40664157,2015,Sep,24,01 - Clear,01 - Daylight,01 - Dry,01 - Traffic signal,03 - P.D. only,04 - Sideswipe
0,Morning,0,0,15-10490,INDUSTRIAL AVE/INNES RD @ ST. LAURENT BLVD,-75.62750454,45.40665148,2015,Oct,9,02 - Rain,07 - Dark,02 - Wet,01 - Traffic signal,03 - P.D. only,02 - Angle
0,Morning,0,0,15-11687,INDUSTRIAL AVE/INNES RD @ ST. LAURENT BLVD,-75.62746782,45.40664471,2015,Nov,12,02 - Rain,01 - Daylight,02 - Wet,01 - Traffic signal,03 - P.D. only,03 - Rear end
0,Afternoon,0,0,15-11945,INDUSTRIAL AVE/INNES RD @ ST. LAURENT BLVD,-75.62747706,45.40664152,2015,Nov,18,01 - Clear,01 - Daylight,01 - Dry,01 - Traffic signal,03 - P.D. only,05 - Turning movement
0,Morning,0,0,15-13057,INDUSTRIAL AVE/INNES RD @ ST. LAURENT BLVD,-75.62745394,45.40663703,2015,Dec,18,01 - Clear,01 - Daylight,01 - Dry,01 - Traffic signal,03 - P.D. only,04 - Sideswipe
0,Evening,0,0,16-1178,INDUSTRIAL AVE/INNES RD @ ST. LAURENT BLVD,-75.62749686,45.40666074,2016,Jan,29,01 - Clear,07 - Dark,02 - Wet,01 - Traffic signal,02 - Non-fatal injury,03 - Rear end
0,Afternoon,0,0,16-1353,INDUSTRIAL AVE/INNES RD @ ST. LAURENT BLVD,-75.62749096,45.40666321,2016,Feb,5,01 - Clear,01 - Daylight,01 - Dry,01 - Traffic signal,03 - P.D. only,04 - Sideswipe
0,Afternoon,0,0,16-1778,INDUSTRIAL AVE/INNES RD @ ST. LAURENT BLVD,-75.62748945,45.4066488,2016,Feb,16,03 - Snow,01 - Daylight,03 - Loose snow,01 - Traffic signal,03 - P.D. only,03 - Rear end
0,Evening,0,0,16-2218,INDUSTRIAL AVE/INNES RD @ ST. LAURENT BLVD,-75.62749581,45.40667073,2016,Feb,22,01 - Clear,07 - Dark,02 - Wet,01 - Traffic signal,03 - P.D. only,05 - Turning movement
0,Morning,0,0,16-2398,INDUSTRIAL AVE/INNES RD @ ST. LAURENT BLVD,-75.62748826,45.40665415,2016,Feb,26,01 - Clear,01 - Daylight,01 - Dry,01 - Traffic signal,03 - P.D. only,03 - Rear end
0,Morning,1,0,16-2760,INDUSTRIAL AVE/INNES RD @ ST. LAURENT BLVD,-75.62752612,45.40667891,2016,Mar,6,01 - Clear,01 - Daylight,01 - Dry,01 - Traffic signal,03 - P.D. only,03 - Rear end
0,Morning,0,0,16-2786,INDUSTRIAL AVE/INNES RD @ ST. LAURENT BLVD,-75.62747644,45.40666387,2016,Mar,8,01 - Clear,01 - Daylight,01 - Dry,01 - Traffic signal,03 - P.D. only,03 - Rear end
0,Evening,0,0,16-4711,INDUSTRIAL AVE/INNES RD @ ST. LAURENT BLVD,-75.62744021,45.4066774,2016,May,13,01 - Clear,01 - Daylight,01 - Dry,01 - Traffic signal,03 - P.D. only,05 - Turning movement
0,Morning,0,0,16-5122,INDUSTRIAL AVE/INNES RD @ ST. LAURENT BLVD,-75.62742137,45.406654,2016,May,26,01 - Clear,01 - Daylight,01 - Dry,01 - Traffic signal,02 - Non-fatal injury,05 - Turning movement
0,Morning,0,0,16-5351,INDUSTRIAL AVE/INNES RD @ ST. LAURENT BLVD,-75.62748735,45.40665769,2016,Jun,2,01 - Clear,01 - Daylight,01 - Dry,01 - Traffic signal,03 - P.D. only,03 - Rear end
0,Night,0,0,16-6623,INDUSTRIAL AVE/INNES RD @ ST. LAURENT BLVD,-75.62748324,45.40665047,2016,Jul,12,01 - Clear,07 - Dark,01 - Dry,01 - Traffic signal,03 - P.D. only,03 - Rear end
0,Morning,0,0,16-7126,INDUSTRIAL AVE/INNES RD @ ST. LAURENT BLVD,-75.62748898,45.4066546,2016,Jul,29,01 - Clear,01 - Daylight,01 - Dry,01 - Traffic signal,03 - P.D. only,03 - Rear end
0,Afternoon,0,0,16-7295,INDUSTRIAL AVE/INNES RD @ ST. LAURENT BLVD,-75.62747743,45.40665043,2016,Aug,4,01 - Clear,01 - Daylight,01 - Dry,01 - Traffic signal,03 - P.D. only,04 - Sideswipe
0,Morning,0,0,16-7829,INDUSTRIAL AVE/INNES RD @ ST. LAURENT BLVD,-75.62750059,45.40665469,2016,Aug,23,01 - Clear,01 - Daylight,01 - Dry,01 - Traffic signal,03 - P.D. only,03 - Rear end
0,Evening,0,0,16-8446,INDUSTRIAL AVE/INNES RD @ ST. LAURENT BLVD,-75.62749156,45.40666253,2016,Sep,13,01 - Clear,01 - Daylight,01 - Dry,01 - Traffic signal,03 - P.D. only,04 - Sideswipe
0,Morning,0,0,16-8965,INDUSTRIAL AVE/INNES RD @ ST. LAURENT BLVD,-75.6274966,45.40665839,2016,Sep,30,01 - Clear,01 - Daylight,01 - Dry,01 - Traffic signal,03 - P.D. only,03 - Rear end
0,Morning,0,0,16-10311,INDUSTRIAL AVE/INNES RD @ ST. LAURENT BLVD,-75.62747579,45.40663587,2016,Nov,9,01 - Clear,01 - Daylight,01 - Dry,01 - Traffic signal,03 - P.D. only,03 - Rear end
0,Morning,0,0,16-11760,INDUSTRIAL AVE/INNES RD @ ST. LAURENT BLVD,-75.62747533,45.40666568,2016,Dec,14,01 - Clear,01 - Daylight,01 - Dry,01 - Traffic signal,02 - Non-fatal injury,03 - Rear end
0,Evening,0,0,16-11798,INDUSTRIAL AVE/INNES RD @ ST. LAURENT BLVD,-75.62750729,45.40665102,2016,Dec,14,03 - Snow,07 - Dark,03 - Loose snow,01 - Traffic signal,03 - P.D. only,03 - Rear end
0,Afternoon,1,0,17-272,INDUSTRIAL AVE/INNES RD @ ST. LAURENT BLVD,-75.62747511,45.4066545,2017,Jan,7,01 - Clear,01 - Daylight,06 - Ice,01 - Traffic signal,03 - P.D. only,03 - Rear end
0,Evening,0,0,17-455,INDUSTRIAL AVE/INNES RD @ ST. LAURENT BLVD,-75.62750638,45.40669776,2017,Jan,12,02 - Rain,07 - Dark,02 - Wet,01 - Traffic signal,03 - P.D. only,04 - Sideswipe
0,Evening,0,0,17-1149,INDUSTRIAL AVE/INNES RD @ ST. LAURENT BLVD,-75.627486,45.4066595,2017,Feb,2,01 - Clear,07 - Dark,01 - Dry,01 - Traffic signal,03 - P.D. only,03 - Rear end
0,Afternoon,0,0,17-2106,INDUSTRIAL AVE/INNES RD @ ST. LAURENT BLVD,-75.62749582,45.40664453,2017,Feb,24,01 - Clear,01 - Daylight,02 - Wet,01 - Traffic signal,02 - Non-fatal injury,03 - Rear end
0,Evening,0,0,17-3343,INDUSTRIAL AVE/INNES RD @ ST. LAURENT BLVD,-75.62747654,45.40665113,2017,Apr,3,01 - Clear,01 - Daylight,01 - Dry,01 - Traffic signal,03 - P.D. only,03 - Rear end
0,Morning,0,0,17-4325,INDUSTRIAL AVE/INNES RD @ ST. LAURENT BLVD,-75.62750028,45.40668747,2017,May,8,02 - Rain,01 - Daylight,02 - Wet,01 - Traffic signal,03 - P.D. only,03 - Rear end
0,Evening,0,0,17-6297,INDUSTRIAL AVE/INNES RD @ ST. LAURENT BLVD,-75.62747464,45.40665609,2017,Jul,10,01 - Clear,01 - Daylight,01 - Dry,01 - Traffic signal,03 - P.D. only,04 - Sideswipe
0,Night,0,0,17-6713,INDUSTRIAL AVE/INNES RD @ ST. LAURENT BLVD,-75.62749197,45.40665256,2017,Jul,26,01 - Clear,07 - Dark,01 - Dry,01 - Traffic signal,03 - P.D. only,03 - Rear end
0,Morning,0,0,17-6715,INDUSTRIAL AVE/INNES RD @ ST. LAURENT BLVD,-75.62747797,45.40665165,2017,Jul,27,01 - Clear,01 - Daylight,01 - Dry,01 - Traffic signal,03 - P.D. only,05 - Turning movement
0,Morning,0,0,17-6824,INDUSTRIAL AVE/INNES RD @ ST. LAURENT BLVD,-75.62749972,45.40665709,2017,Jul,31,01 - Clear,01 - Daylight,01 - Dry,01 - Traffic signal,02 - Non-fatal injury,04 - Sideswipe
0,Morning,0,0,17-6853,INDUSTRIAL AVE/INNES RD @ ST. LAURENT BLVD,-75.62750159,45.40665744,2017,Aug,1,01 - Clear,01 - Daylight,01 - Dry,01 - Traffic signal,03 - P.D. only,04 - Sideswipe
0,Afternoon,1,0,17-7158,INDUSTRIAL AVE/INNES RD @ ST. LAURENT BLVD,-75.62749228,45.40664818,2017,Aug,13,01 - Clear,01 - Daylight,01 - Dry,01 - Traffic signal,03 - P.D. only,03 - Rear end
0,Evening,1,0,17-7383,INDUSTRIAL AVE/INNES RD @ ST. LAURENT BLVD,-75.62748611,45.40665264,2017,Aug,20,01 - Clear,05 - Dusk,01 - Dry,01 - Traffic signal,03 - P.D. only,02 - Angle
0,Morning,0,0,17-7489,INDUSTRIAL AVE/INNES RD @ ST. LAURENT BLVD,-75.62749455,45.40665664,2017,Aug,24,01 - Clear,01 - Daylight,01 - Dry,01 - Traffic signal,03 - P.D. only,03 - Rear end
0,Morning,1,0,17-7566,INDUSTRIAL AVE/INNES RD @ ST. LAURENT BLVD,-75.62747392,45.40667101,2017,Aug,26,01 - Clear,01 - Daylight,01 - Dry,01 - Traffic signal,03 - P.D. only,03 - Rear end
0,Afternoon,0,0,17-8123,INDUSTRIAL AVE/INNES RD @ ST. LAURENT BLVD,-75.62747384,45.40665664,2017,Sep,6,01 - Clear,01 - Daylight,01 - Dry,01 - Traffic signal,03 - P.D. only,03 - Rear end
0,Evening,0,0,17-8466,INDUSTRIAL AVE/INNES RD @ ST. LAURENT BLVD,-75.62748618,45.40664819,2017,Sep,22,01 - Clear,01 - Daylight,01 - Dry,01 - Traffic signal,03 - P.D. only,03 - Rear end
0,Afternoon,0,0,17-8939,INDUSTRIAL AVE/INNES RD @ ST. LAURENT BLVD,-75.62747925,45.40664469,2017,Oct,5,01 - Clear,01 - Daylight,01 - Dry,01 - Traffic signal,03 - P.D. only,03 - Rear end
0,Evening,0,0,17-9050,INDUSTRIAL AVE/INNES RD @ ST. LAURENT BLVD,-75.62748807,45.40667112,2017,Oct,10,01 - Clear,01 - Daylight,01 - Dry,01 - Traffic signal,03 - P.D. only,04 - Sideswipe
0,Afternoon,0,0,17-9321,INDUSTRIAL AVE/INNES RD @ ST. LAURENT BLVD,-75.6274875,45.40665493,2017,Oct,19,01 - Clear,01 - Daylight,01 - Dry,01 - Traffic signal,03 - P.D. only,03 - Rear end
0,Evening,0,0,17-9366,INDUSTRIAL AVE/INNES RD @ ST. LAURENT BLVD,-75.62749035,45.40665461,2017,Oct,20,01 - Clear,05 - Dusk,01 - Dry,01 - Traffic signal,03 - P.D. only,03 - Rear end
0,Evening,0,0,17-10004,INDUSTRIAL AVE/INNES RD @ ST. LAURENT BLVD,-75.6274751,45.40665271,2017,Nov,6,01 - Clear,07 - Dark,01 - Dry,01 - Traffic signal,03 - P.D. only,03 - Rear end
0,Morning,1,0,17-10482,INDUSTRIAL AVE/INNES RD @ ST. LAURENT BLVD,-75.62749007,45.40667267,2017,Nov,19,03 - Snow,01 - Daylight,04 - Slush,01 - Traffic signal,02 - Non-fatal injury,07 - SMV other
0,Afternoon,0,0,17-11533,INDUSTRIAL AVE/INNES RD @ ST. LAURENT BLVD,-75.62744609,45.4066409,2017,Dec,12,03 - Snow,01 - Daylight,03 - Loose snow,01 - Traffic signal,03 - P.D. only,03 - Rear end
0,Morning,1,0,17-11806,INDUSTRIAL AVE/INNES RD @ ST. LAURENT BLVD,-75.62748011,45.40664593,2017,Dec,16,01 - Clear,01 - Daylight,01 - Dry,01 - Traffic signal,02 - Non-fatal injury,03 - Rear end
0,Afternoon,0,0,17-12028,INDUSTRIAL AVE/INNES RD @ ST. LAURENT BLVD,-75.62749221,45.40665248,2017,Dec,20,01 - Clear,05 - Dusk,01 - Dry,01 - Traffic signal,03 - P.D. only,03 - Rear end
0,Afternoon,0,0,17-12409,INDUSTRIAL AVE/INNES RD @ ST. LAURENT BLVD,-75.62747395,45.40665662,2017,Dec,28,01 - Clear,01 - Daylight,01 - Dry,01 - Traffic signal,03 - P.D. only,03 - Rear end
0,Evening,0,0,17-12434,INDUSTRIAL AVE/INNES RD @ ST. LAURENT BLVD,-75.62748591,45.40666533,2017,Dec,28,01 - Clear,07 - Dark,01 - Dry,01 - Traffic signal,03 - P.D. only,03 - Rear end
0,Morning,1,0,17-12540,INDUSTRIAL AVE/INNES RD @ ST. LAURENT BLVD,-75.62748013,45.40664815,2017,Dec,31,01 - Clear,01 - Daylight,06 - Ice,01 - Traffic signal,03 - P.D. only,03 - Rear end